,Country/Territory,Region,C/T,2013_A1,2013_B4,2013_D1,2013_D4,2014_A1,2014_B4,2014_D1,2014_D4,2015_A1,2015_B4,2015_D1,2015_D4,2016_A1,2016_B4,2016_D1,2016_D4,2017_A1,2017_B4,2017_D1,2017_D4,2018_A1,2018_B4,2018_D1,2018_D4,2019_A1,2019_B4,2019_D1,2019_D4,2020_A1,2020_B4,2020_D1,2020_D4,2021_A1,2021_B4,2021_D1,2021_D4,2022_A1,2022_B4,2022_D1,2022_D4,2023_A1,2023_B4,2023_D1,2023_D4,2024_A1,2024_B4,2024_D1,2024_D4
0,Abkhazia,Eurasia,t,3.0,1.0,2.0,3.0,3.0,1.0,2.0,3.0,3.0,1.0,2.0,3.0,3.0,1.0,2.0,3.0,3.0,1.0,2.0,3.0,3.0,1.0,2.0,3.0,3.0,1.0,2.0,3.0,2.0,1.0,2.0,3.0,2.0,1.0,2.0,3.0,2.0,1.0,2.0,3.0,2.0,1.0,2.0,3.0,2.0,1.0,2.0,3.0
1,Afghanistan,Asia,c,1.0,2.0,2.0,2.0,1.0,2.0,2.0,2.0,1.0,2.0,1.0,2.0,1.0,2.0,2.0,2.0,1.0,2.0,2.0,2.0,1.0,2.0,2.0,2.0,1.0,2.0,2.0,2.0,1.0,2.0,2.0,2.0,1.0,2.0,2.0,2.0,0.0,0.0,1.0,1.0,0.0,0.0,1.0,0.0,0.0,0.0,0.0,0.0
2,Albania,Europe,c,3.0,3.0,2.0,4.0,3.0,3.0,2.0,4.0,3.0,3.0,2.0,4.0,3.0,3.0,2.0,4.0,3.0,3.0,2.0,4.0,3.0,3.0,2.0,4.0,3.0,3.0,2.0,4.0,3.0,3.0,2.0,4.0,3.0,3.0,2.0,4.0,3.0,3.0,2.0,4.0,3.0,3.0,2.0,4.0,3.0,3.0,2.0,4.0
3,Algeria,Africa,c,1.0,1.0,1.0,3.0,1.0,1.0,1.0,2.0,1.0,1.0,1.0,3.0,1.0,1.0,1.0,3.0,1.0,1.0,1.0,3.0,1.0,1.0,1.0,3.0,1.0,1.0,1.0,3.0,1.0,1.0,1.0,3.0,1.0,1.0,1.0,2.0,1.0,1.0,1.0,2.0,1.0,1.0,1.0,2.0,1.0,1.0,1.0,2.0
4,Andorra,Europe,c,4.0,4.0,4.0,4.0,4.0,4.0,4.0,4.0,4.0,4.0,4.0,4.0,4.0,4.0,4.0,4.0,4.0,3.0,3.0,4.0,4.0,3.0,3.0,4.0,4.0,3.0,3.0,4.0,4.0,3.0,3.0,4.0,4.0,3.0,3.0,4.0,4.0,3.0,3.0,4.0,4.0,3.0,3.0,4.0,4.0,3.0,3.0,4.0
5,Angola,Africa,c,0.0,2.0,1.0,2.0,0.0,2.0,1.0,2.0,0.0,2.0,1.0,2.0,0.0,2.0,1.0,1.0,0.0,2.0,1.0,1.0,0.0,2.0,1.0,2.0,0.0,2.0,1.0,2.0,0.0,2.0,1.0,2.0,0.0,2.0,1.0,2.0,0.0,2.0,1.0,2.0,0.0,2.0,1.0,2.0,0.0,2.0,1.0,2.0
6,Antigua and Barbuda,Americas,c,4.0,3.0,2.0,4.0,4.0,3.0,2.0,4.0,4.0,3.0,2.0,4.0,4.0,3.0,2.0,4.0,4.0,3.0,3.0,4.0,4.0,3.0,3.0,4.0,4.0,3.0,3.0,4.0,4.0,3.0,3.0,4.0,4.0,3.0,3.0,4.0,4.0,3.0,3.0,4.0,4.0,3.0,3.0,4.0,4.0,3.0,3.0,4.0
7,Argentina,Americas,c,4.0,3.0,2.0,4.0,4.0,3.0,2.0,4.0,4.0,3.0,2.0,4.0,4.0,3.0,2.0,4.0,4.0,3.0,2.0,4.0,4.0,3.0,3.0,4.0,4.0,3.0,3.0,4.0,4.0,4.0,3.0,4.0,4.0,4.0,3.0,4.0,4.0,4.0,3.0,4.0,4.0,4.0,3.0,4.0,4.0,4.0,3.0,4.0
8,Armenia,Eurasia,c,1.0,2.0,1.0,3.0,1.0,2.0,1.0,3.0,1.0,2.0,2.0,3.0,1.0,2.0,2.0,3.0,1.0,2.0,2.0,3.0,1.0,2.0,2.0,3.0,2.0,2.0,2.0,3.0,2.0,2.0,2.0,3.0,2.0,2.0,2.0,3.0,2.0,2.0,2.0,3.0,2.0,2.0,2.0,3.0,2.0,2.0,2.0,3.0
9,Australia,Asia,c,4.0,3.0,4.0,4.0,4.0,3.0,4.0,4.0,4.0,3.0,4.0,4.0,4.0,4.0,4.0,4.0,4.0,4.0,4.0,4.0,4.0,4.0,4.0,4.0,4.0,4.0,4.0,4.0,4.0,4.0,3.0,4.0,4.0,4.0,3.0,4.0,4.0,3.0,3.0,4.0,4.0,3.0,3.0,4.0,4.0,3.0,3.0,4.0
10,Austria,Europe,c,4.0,3.0,4.0,4.0,4.0,3.0,4.0,4.0,4.0,3.0,4.0,4.0,4.0,3.0,4.0,4.0,4.0,3.0,4.0,4.0,4.0,3.0,4.0,4.0,4.0,3.0,3.0,4.0,4.0,3.0,3.0,4.0,4.0,3.0,3.0,4.0,4.0,3.0,3.0,4.0,4.0,3.0,3.0,4.0,4.0,3.0,3.0,4.0
11,Azerbaijan,Eurasia,c,0.0,1.0,0.0,2.0,0.0,1.0,0.0,2.0,0.0,1.0,0.0,2.0,0.0,1.0,0.0,1.0,0.0,0.0,0.0,1.0,0.0,0.0,0.0,1.0,0.0,0.0,0.0,1.0,0.0,0.0,0.0,1.0,0.0,0.0,0.0,1.0,0.0,0.0,0.0,1.0,0.0,0.0,0.0,1.0,0.0,0.0,0.0,1.0
12,The Bahamas,Americas,c,4.0,4.0,4.0,4.0,4.0,4.0,4.0,4.0,4.0,4.0,4.0,4.0,4.0,4.0,4.0,4.0,4.0,4.0,3.0,4.0,4.0,4.0,3.0,4.0,4.0,4.0,3.0,4.0,4.0,4.0,3.0,4.0,4.0,4.0,3.0,4.0,4.0,4.0,3.0,4.0,4.0,4.0,3.0,4.0,4.0,4.0,3.0,4.0
13,Bahrain,Middle East,c,0.0,0.0,0.0,1.0,0.0,0.0,0.0,1.0,0.0,0.0,0.0,1.0,0.0,0.0,0.0,1.0,0.0,0.0,0.0,1.0,0.0,0.0,0.0,1.0,0.0,0.0,0.0,1.0,0.0,0.0,0.0,1.0,0.0,0.0,0.0,1.0,0.0,0.0,0.0,1.0,0.0,0.0,0.0,1.0,0.0,0.0,0.0,1.0
14,Bangladesh,Asia,c,3.0,3.0,2.0,3.0,3.0,3.0,2.0,2.0,2.0,3.0,2.0,2.0,2.0,3.0,1.0,2.0,2.0,3.0,1.0,2.0,2.0,2.0,1.0,2.0,2.0,2.0,1.0,2.0,1.0,2.0,1.0,2.0,1.0,2.0,1.0,2.0,1.0,2.0,1.0,2.0,1.0,2.0,1.0,2.0,1.0,2.0,1.0,2.0
15,Barbados,Americas,c,4.0,4.0,4.0,4.0,4.0,4.0,4.0,4.0,4.0,4.0,4.0,4.0,4.0,4.0,4.0,4.0,4.0,4.0,4.0,4.0,4.0,4.0,4.0,4.0,4.0,4.0,4.0,4.0,4.0,4.0,4.0,4.0,4.0,4.0,4.0,4.0,4.0,4.0,4.0,4.0,4.0,4.0,4.0,4.0,4.0,4.0,4.0,4.0
16,Belarus,Eurasia,c,0.0,1.0,1.0,1.0,0.0,1.0,1.0,1.0,0.0,1.0,1.0,1.0,0.0,1.0,1.0,1.0,0.0,1.0,1.0,1.0,0.0,1.0,1.0,1.0,0.0,1.0,0.0,1.0,0.0,1.0,0.0,1.0,0.0,1.0,0.0,1.0,0.0,1.0,0.0,0.0,0.0,1.0,0.0,0.0,0.0,1.0,0.0,0.0
17,Belgium,Europe,c,4.0,4.0,4.0,4.0,4.0,4.0,4.0,4.0,4.0,4.0,4.0,4.0,4.0,4.0,4.0,4.0,4.0,4.0,4.0,4.0,4.0,4.0,4.0,4.0,4.0,4.0,4.0,4.0,4.0,4.0,4.0,4.0,4.0,4.0,4.0,4.0,4.0,4.0,4.0,4.0,4.0,4.0,4.0,4.0,4.0,4.0,4.0,4.0
18,Belize,Americas,c,4.0,2.0,3.0,4.0,4.0,2.0,3.0,4.0,4.0,2.0,3.0,4.0,4.0,2.0,3.0,4.0,4.0,2.0,3.0,4.0,4.0,2.0,3.0,4.0,4.0,2.0,3.0,4.0,4.0,2.0,3.0,4.0,4.0,2.0,4.0,4.0,4.0,2.0,4.0,4.0,4.0,2.0,4.0,4.0,4.0,2.0,4.0,4.0
19,Benin,Africa,c,3.0,4.0,3.0,4.0,3.0,4.0,3.0,4.0,3.0,4.0,3.0,4.0,3.0,4.0,3.0,4.0,3.0,4.0,3.0,4.0,3.0,4.0,3.0,4.0,3.0,4.0,3.0,4.0,3.0,3.0,3.0,4.0,3.0,3.0,2.0,4.0,1.0,3.0,2.0,4.0,1.0,3.0,2.0,4.0,1.0,3.0,2.0,4.0
20,Bhutan,Asia,c,2.0,1.0,2.0,2.0,3.0,1.0,2.0,3.0,3.0,1.0,2.0,3.0,3.0,1.0,2.0,3.0,3.0,1.0,2.0,3.0,3.0,1.0,2.0,3.0,3.0,2.0,2.0,3.0,3.0,2.0,2.0,3.0,3.0,2.0,2.0,3.0,3.0,2.0,2.0,3.0,3.0,2.0,2.0,3.0,3.0,2.0,3.0,3.0
21,Bolivia,Americas,c,4.0,3.0,2.0,4.0,4.0,3.0,2.0,4.0,4.0,3.0,2.0,4.0,4.0,3.0,2.0,4.0,4.0,3.0,2.0,4.0,4.0,3.0,2.0,4.0,4.0,3.0,2.0,4.0,3.0,3.0,2.0,4.0,4.0,3.0,2.0,4.0,4.0,3.0,2.0,4.0,4.0,3.0,2.0,4.0,4.0,3.0,2.0,4.0
22,Bosnia and Herzegovina,Europe,c,3.0,3.0,2.0,3.0,3.0,2.0,2.0,3.0,3.0,2.0,2.0,3.0,3.0,2.0,2.0,3.0,3.0,2.0,2.0,3.0,3.0,2.0,2.0,3.0,2.0,2.0,2.0,3.0,2.0,2.0,2.0,3.0,2.0,2.0,2.0,3.0,2.0,2.0,2.0,3.0,2.0,2.0,2.0,3.0,2.0,2.0,2.0,3.0
23,Botswana,Africa,c,3.0,2.0,3.0,3.0,3.0,2.0,3.0,3.0,3.0,2.0,2.0,3.0,3.0,2.0,2.0,3.0,3.0,2.0,2.0,3.0,3.0,2.0,2.0,3.0,3.0,2.0,2.0,3.0,3.0,2.0,2.0,3.0,3.0,2.0,2.0,3.0,3.0,2.0,2.0,3.0,3.0,2.0,2.0,3.0,3.0,2.0,2.0,3.0
24,Brazil,Americas,c,4.0,3.0,3.0,4.0,4.0,3.0,3.0,4.0,4.0,3.0,3.0,4.0,4.0,3.0,3.0,4.0,4.0,3.0,3.0,4.0,4.0,3.0,3.0,4.0,3.0,3.0,3.0,4.0,3.0,3.0,3.0,3.0,3.0,3.0,3.0,3.0,3.0,3.0,3.0,3.0,3.0,3.0,3.0,3.0,3.0,3.0,3.0,3.0
25,Brunei,Asia,c,0.0,1.0,1.0,2.0,0.0,1.0,1.0,2.0,0.0,1.0,1.0,2.0,0.0,1.0,1.0,2.0,0.0,1.0,1.0,2.0,0.0,1.0,1.0,2.0,0.0,1.0,1.0,2.0,0.0,1.0,1.0,2.0,0.0,1.0,1.0,2.0,0.0,1.0,1.0,2.0,0.0,1.0,1.0,2.0,0.0,1.0,1.0,2.0
26,Bulgaria,Europe,c,4.0,4.0,3.0,4.0,4.0,3.0,3.0,4.0,4.0,3.0,3.0,4.0,4.0,3.0,3.0,4.0,4.0,3.0,3.0,4.0,4.0,3.0,3.0,4.0,4.0,3.0,3.0,4.0,4.0,3.0,2.0,4.0,4.0,3.0,2.0,4.0,4.0,3.0,2.0,4.0,4.0,3.0,2.0,4.0,4.0,3.0,2.0,4.0
27,Burkina Faso,Africa,c,1.0,3.0,2.0,4.0,1.0,3.0,2.0,4.0,0.0,2.0,2.0,4.0,2.0,3.0,3.0,4.0,2.0,3.0,3.0,4.0,2.0,3.0,3.0,3.0,2.0,3.0,3.0,3.0,2.0,3.0,2.0,3.0,2.0,3.0,2.0,3.0,2.0,3.0,2.0,3.0,0.0,1.0,2.0,3.0,0.0,1.0,1.0,1.0
28,Burundi,Africa,c,1.0,3.0,1.0,2.0,1.0,3.0,1.0,2.0,1.0,3.0,1.0,2.0,0.0,3.0,0.0,1.0,0.0,3.0,0.0,1.0,0.0,2.0,0.0,1.0,0.0,2.0,0.0,0.0,0.0,2.0,0.0,0.0,1.0,2.0,0.0,0.0,1.0,2.0,0.0,0.0,1.0,2.0,0.0,0.0,1.0,2.0,0.0,0.0
29,Cabo Verde,Africa,c,4.0,3.0,3.0,4.0,4.0,3.0,3.0,4.0,4.0,3.0,3.0,4.0,4.0,3.0,3.0,4.0,4.0,3.0,3.0,4.0,4.0,3.0,3.0,4.0,4.0,3.0,3.0,4.0,4.0,4.0,4.0,4.0,4.0,4.0,4.0,4.0,4.0,4.0,4.0,4.0,4.0,4.0,4.0,4.0,4.0,4.0,4.0,4.0
30,Cambodia,Asia,c,1.0,1.0,1.0,3.0,1.0,1.0,1.0,3.0,1.0,1.0,1.0,3.0,1.0,1.0,1.0,3.0,1.0,1.0,1.0,2.0,1.0,1.0,1.0,2.0,0.0,1.0,1.0,2.0,0.0,1.0,1.0,2.0,0.0,1.0,1.0,1.0,0.0,1.0,1.0,1.0,0.0,1.0,1.0,1.0,0.0,1.0,1.0,1.0
31,Cameroon,Africa,c,1.0,1.0,1.0,2.0,1.0,1.0,1.0,2.0,1.0,1.0,1.0,2.0,1.0,1.0,1.0,2.0,1.0,1.0,1.0,2.0,1.0,1.0,1.0,1.0,0.0,1.0,0.0,1.0,0.0,1.0,0.0,1.0,0.0,1.0,0.0,1.0,0.0,1.0,0.0,1.0,0.0,1.0,0.0,1.0,0.0,1.0,0.0,1.0
32,Canada,Americas,c,4.0,4.0,4.0,4.0,4.0,4.0,4.0,4.0,4.0,4.0,4.0,4.0,4.0,4.0,4.0,4.0,4.0,4.0,4.0,4.0,4.0,4.0,4.0,4.0,4.0,4.0,4.0,4.0,4.0,4.0,4.0,4.0,4.0,4.0,4.0,4.0,4.0,4.0,4.0,4.0,4.0,4.0,4.0,4.0,4.0,4.0,4.0,4.0
33,Central African Republic,Africa,c,2.0,2.0,1.0,2.0,0.0,0.0,1.0,1.0,0.0,0.0,1.0,1.0,0.0,0.0,1.0,1.0,1.0,0.0,1.0,1.0,1.0,0.0,1.0,1.0,1.0,0.0,1.0,1.0,1.0,0.0,1.0,1.0,0.0,0.0,1.0,1.0,0.0,0.0,1.0,0.0,0.0,0.0,1.0,0.0,0.0,0.0,1.0,0.0
34,Chad,Africa,c,1.0,0.0,1.0,2.0,1.0,0.0,1.0,2.0,1.0,0.0,1.0,2.0,1.0,0.0,1.0,2.0,1.0,0.0,1.0,2.0,1.0,0.0,1.0,2.0,1.0,0.0,1.0,2.0,1.0,0.0,1.0,2.0,1.0,0.0,1.0,2.0,0.0,0.0,1.0,2.0,0.0,0.0,1.0,2.0,0.0,0.0,1.0,2.0
35,Chile,Americas,c,4.0,3.0,4.0,4.0,4.0,3.0,4.0,4.0,4.0,3.0,4.0,4.0,4.0,3.0,4.0,4.0,4.0,3.0,4.0,4.0,4.0,3.0,4.0,4.0,4.0,3.0,4.0,4.0,4.0,3.0,4.0,4.0,4.0,3.0,4.0,4.0,4.0,3.0,4.0,4.0,4.0,3.0,4.0,4.0,4.0,3.0,4.0,4.0
36,China,Asia,c,0.0,1.0,1.0,2.0,0.0,1.0,1.0,2.0,0.0,1.0,1.0,2.0,0.0,1.0,1.0,2.0,0.0,1.0,1.0,1.0,0.0,0.0,1.0,1.0,0.0,0.0,0.0,1.0,0.0,0.0,0.0,1.0,0.0,0.0,0.0,1.0,0.0,0.0,0.0,1.0,0.0,0.0,0.0,1.0,0.0,0.0,0.0,1.0
37,Colombia,Americas,c,4.0,2.0,2.0,3.0,4.0,3.0,2.0,3.0,4.0,3.0,2.0,3.0,4.0,3.0,2.0,3.0,4.0,3.0,2.0,3.0,4.0,3.0,2.0,3.0,4.0,3.0,2.0,3.0,4.0,3.0,2.0,3.0,4.0,3.0,2.0,3.0,4.0,3.0,2.0,3.0,4.0,3.0,2.0,3.0,4.0,3.0,2.0,3.0
38,Comoros,Africa,c,3.0,2.0,2.0,3.0,3.0,2.0,2.0,3.0,3.0,2.0,2.0,3.0,3.0,2.0,2.0,3.0,3.0,2.0,2.0,3.0,3.0,2.0,2.0,3.0,3.0,2.0,2.0,3.0,1.0,2.0,1.0,2.0,1.0,2.0,1.0,2.0,1.0,2.0,1.0,2.0,1.0,2.0,1.0,2.0,1.0,2.0,1.0,2.0
39,Republic of Congo,Africa,c,0.0,1.0,1.0,2.0,0.0,1.0,1.0,2.0,0.0,1.0,1.0,2.0,0.0,1.0,1.0,2.0,0.0,1.0,1.0,2.0,0.0,1.0,1.0,2.0,0.0,1.0,1.0,2.0,0.0,1.0,1.0,2.0,0.0,1.0,1.0,2.0,0.0,1.0,1.0,1.0,0.0,1.0,1.0,1.0,0.0,1.0,1.0,1.0
40,Democratic Republic of the Congo,Africa,c,1.0,1.0,1.0,2.0,1.0,1.0,1.0,2.0,1.0,1.0,1.0,2.0,1.0,1.0,1.0,2.0,0.0,1.0,1.0,2.0,0.0,1.0,1.0,1.0,0.0,1.0,1.0,1.0,0.0,1.0,1.0,1.0,0.0,1.0,1.0,1.0,0.0,1.0,1.0,1.0,0.0,1.0,1.0,1.0,0.0,1.0,1.0,1.0
41,Costa Rica,Americas,c,4.0,3.0,4.0,4.0,4.0,3.0,4.0,4.0,4.0,3.0,4.0,4.0,4.0,3.0,4.0,4.0,4.0,3.0,4.0,4.0,4.0,3.0,4.0,4.0,4.0,3.0,4.0,4.0,4.0,3.0,4.0,4.0,4.0,3.0,4.0,4.0,4.0,3.0,4.0,4.0,4.0,3.0,4.0,4.0,4.0,3.0,4.0,4.0
42,Ivory Coast,Africa,c,2.0,1.0,2.0,2.0,2.0,2.0,2.0,3.0,2.0,2.0,2.0,3.0,3.0,2.0,2.0,3.0,3.0,2.0,2.0,3.0,3.0,2.0,2.0,3.0,3.0,2.0,2.0,3.0,3.0,2.0,2.0,3.0,2.0,2.0,2.0,2.0,2.0,2.0,2.0,3.0,2.0,2.0,2.0,3.0,2.0,2.0,2.0,3.0
43,Crimea,Eurasia,t,,,,,,,,,0.0,0.0,0.0,1.0,0.0,0.0,0.0,1.0,0.0,0.0,0.0,1.0,0.0,0.0,0.0,1.0,0.0,0.0,0.0,1.0,0.0,0.0,0.0,1.0,0.0,0.0,0.0,1.0,0.0,0.0,0.0,1.0,0.0,0.0,0.0,0.0,0.0,0.0,0.0,0.0
44,Croatia,Europe,c,4.0,3.0,3.0,4.0,4.0,3.0,3.0,4.0,4.0,3.0,3.0,4.0,4.0,3.0,3.0,4.0,4.0,3.0,3.0,4.0,4.0,3.0,3.0,4.0,4.0,3.0,3.0,4.0,4.0,3.0,3.0,4.0,4.0,3.0,3.0,4.0,4.0,3.0,3.0,4.0,4.0,3.0,3.0,4.0,4.0,3.0,3.0,4.0
45,Cuba,Americas,c,0.0,0.0,0.0,0.0,0.0,0.0,0.0,1.0,0.0,0.0,1.0,1.0,0.0,0.0,1.0,1.0,0.0,0.0,1.0,1.0,0.0,0.0,1.0,1.0,0.0,0.0,1.0,1.0,0.0,0.0,1.0,1.0,0.0,0.0,0.0,1.0,0.0,0.0,0.0,1.0,0.0,0.0,0.0,1.0,0.0,0.0,0.0,1.0
46,Cyprus,Europe,c,4.0,4.0,4.0,4.0,4.0,4.0,4.0,4.0,4.0,4.0,4.0,4.0,4.0,4.0,4.0,4.0,4.0,4.0,4.0,4.0,4.0,4.0,4.0,4.0,4.0,3.0,4.0,4.0,4.0,3.0,4.0,4.0,4.0,3.0,4.0,4.0,4.0,3.0,4.0,4.0,4.0,3.0,4.0,4.0,4.0,3.0,4.0,4.0
47,Czech Republic,Europe,c,4.0,3.0,4.0,4.0,4.0,3.0,4.0,4.0,4.0,3.0,4.0,4.0,4.0,3.0,4.0,4.0,4.0,3.0,4.0,4.0,4.0,3.0,4.0,4.0,4.0,3.0,3.0,4.0,4.0,3.0,3.0,4.0,4.0,3.0,3.0,4.0,4.0,3.0,3.0,4.0,4.0,3.0,4.0,4.0,4.0,3.0,4.0,4.0
48,Denmark,Europe,c,4.0,4.0,4.0,4.0,4.0,4.0,4.0,4.0,4.0,4.0,4.0,4.0,4.0,4.0,4.0,4.0,4.0,4.0,4.0,4.0,4.0,4.0,4.0,4.0,4.0,4.0,4.0,4.0,4.0,4.0,4.0,4.0,4.0,4.0,4.0,4.0,4.0,4.0,4.0,4.0,4.0,4.0,4.0,4.0,4.0,4.0,4.0,4.0
49,Djibouti,Africa,c,1.0,1.0,1.0,2.0,1.0,1.0,1.0,2.0,1.0,1.0,1.0,2.0,1.0,1.0,1.0,2.0,0.0,1.0,1.0,2.0,0.0,1.0,1.0,2.0,0.0,1.0,1.0,2.0,0.0,1.0,0.0,2.0,0.0,1.0,0.0,2.0,0.0,1.0,0.0,2.0,0.0,1.0,0.0,2.0,0.0,1.0,0.0,2.0
50,Dominica,Americas,c,4.0,4.0,3.0,4.0,4.0,4.0,3.0,4.0,4.0,4.0,3.0,4.0,4.0,4.0,3.0,4.0,4.0,4.0,3.0,4.0,4.0,4.0,3.0,4.0,4.0,4.0,3.0,4.0,4.0,4.0,3.0,4.0,4.0,4.0,3.0,4.0,4.0,4.0,3.0,4.0,4.0,4.0,3.0,4.0,4.0,4.0,3.0,4.0
51,Dominican Republic,Americas,c,4.0,2.0,3.0,4.0,4.0,1.0,3.0,4.0,4.0,1.0,3.0,4.0,4.0,1.0,2.0,4.0,3.0,1.0,2.0,4.0,3.0,1.0,2.0,4.0,3.0,1.0,2.0,4.0,3.0,1.0,2.0,4.0,3.0,1.0,2.0,4.0,3.0,1.0,2.0,4.0,3.0,1.0,2.0,4.0,3.0,1.0,2.0,4.0
52,Eastern Donbas,Eurasia,t,,,,,,,,,,,,,,,,,,,,,,,,,,,,,0.0,0.0,0.0,1.0,0.0,0.0,0.0,1.0,0.0,0.0,0.0,1.0,0.0,0.0,0.0,0.0,0.0,0.0,0.0,0.0
53,Ecuador,Americas,c,3.0,3.0,1.0,4.0,3.0,3.0,1.0,4.0,3.0,3.0,1.0,3.0,3.0,3.0,1.0,3.0,3.0,3.0,1.0,3.0,3.0,3.0,2.0,3.0,3.0,3.0,2.0,3.0,3.0,3.0,2.0,3.0,3.0,3.0,3.0,3.0,4.0,3.0,3.0,3.0,4.0,3.0,3.0,3.0,4.0,3.0,2.0,3.0
54,Egypt,Africa,c,2.0,2.0,2.0,3.0,0.0,2.0,1.0,3.0,1.0,2.0,1.0,2.0,1.0,2.0,1.0,2.0,1.0,2.0,1.0,2.0,1.0,2.0,1.0,2.0,0.0,2.0,1.0,1.0,0.0,2.0,1.0,1.0,0.0,1.0,0.0,1.0,0.0,1.0,0.0,1.0,0.0,1.0,0.0,1.0,0.0,1.0,0.0,1.0
55,El Salvador,Americas,c,4.0,3.0,3.0,4.0,4.0,3.0,3.0,4.0,4.0,3.0,3.0,4.0,4.0,3.0,2.0,3.0,4.0,3.0,2.0,3.0,4.0,3.0,2.0,3.0,4.0,3.0,2.0,3.0,4.0,3.0,2.0,3.0,4.0,3.0,2.0,3.0,4.0,3.0,2.0,3.0,4.0,3.0,2.0,2.0,4.0,3.0,2.0,2.0
56,Equatorial Guinea,Africa,c,0.0,0.0,0.0,1.0,0.0,0.0,0.0,1.0,0.0,0.0,0.0,1.0,0.0,0.0,0.0,1.0,0.0,0.0,0.0,1.0,0.0,0.0,0.0,0.0,0.0,0.0,0.0,0.0,0.0,0.0,0.0,0.0,0.0,0.0,0.0,0.0,0.0,0.0,0.0,0.0,0.0,0.0,0.0,0.0,0.0,0.0,0.0,0.0
57,Eritrea,Africa,c,0.0,0.0,0.0,0.0,0.0,0.0,0.0,0.0,0.0,0.0,0.0,0.0,0.0,0.0,0.0,0.0,0.0,0.0,0.0,0.0,0.0,0.0,0.0,0.0,0.0,0.0,0.0,0.0,0.0,0.0,0.0,0.0,0.0,0.0,0.0,0.0,0.0,0.0,0.0,0.0,0.0,0.0,0.0,0.0,0.0,0.0,0.0,0.0
58,Estonia,Europe,c,4.0,3.0,4.0,4.0,4.0,3.0,4.0,4.0,4.0,3.0,4.0,4.0,4.0,3.0,4.0,4.0,4.0,3.0,4.0,4.0,4.0,3.0,4.0,4.0,4.0,3.0,4.0,4.0,4.0,3.0,4.0,4.0,4.0,3.0,4.0,4.0,4.0,3.0,4.0,4.0,4.0,3.0,4.0,4.0,4.0,3.0,4.0,4.0
59,Swaziland,Africa,c,0.0,1.0,1.0,2.0,0.0,1.0,1.0,2.0,0.0,1.0,0.0,2.0,0.0,1.0,1.0,2.0,0.0,1.0,1.0,2.0,0.0,1.0,1.0,1.0,0.0,1.0,1.0,1.0,0.0,1.0,1.0,1.0,0.0,1.0,1.0,1.0,0.0,1.0,1.0,1.0,0.0,1.0,1.0,1.0,0.0,1.0,1.0,1.0
60,Ethiopia,Africa,c,0.0,1.0,0.0,0.0,0.0,1.0,0.0,0.0,0.0,1.0,0.0,0.0,0.0,0.0,0.0,0.0,0.0,0.0,0.0,0.0,0.0,0.0,0.0,0.0,0.0,1.0,1.0,1.0,0.0,1.0,1.0,1.0,0.0,1.0,1.0,1.0,1.0,1.0,1.0,1.0,1.0,1.0,1.0,1.0,1.0,1.0,1.0,1.0
61,Fiji,Asia,c,0.0,2.0,2.0,3.0,0.0,2.0,2.0,3.0,3.0,3.0,2.0,3.0,3.0,3.0,2.0,3.0,3.0,3.0,2.0,3.0,3.0,3.0,2.0,3.0,3.0,3.0,2.0,3.0,3.0,3.0,2.0,3.0,3.0,3.0,2.0,3.0,3.0,3.0,2.0,3.0,3.0,3.0,2.0,3.0,3.0,3.0,4.0,3.0
62,Finland,Europe,c,4.0,4.0,4.0,4.0,4.0,4.0,4.0,4.0,4.0,4.0,4.0,4.0,4.0,4.0,4.0,4.0,4.0,4.0,4.0,4.0,4.0,4.0,4.0,4.0,4.0,4.0,4.0,4.0,4.0,4.0,4.0,4.0,4.0,4.0,4.0,4.0,4.0,4.0,4.0,4.0,4.0,4.0,4.0,4.0,4.0,4.0,4.0,4.0
63,France,Europe,c,4.0,3.0,4.0,4.0,4.0,3.0,4.0,4.0,4.0,3.0,4.0,4.0,4.0,3.0,4.0,3.0,4.0,3.0,4.0,3.0,4.0,3.0,4.0,3.0,4.0,3.0,4.0,3.0,4.0,3.0,4.0,3.0,4.0,3.0,4.0,3.0,4.0,3.0,4.0,3.0,4.0,3.0,4.0,3.0,4.0,3.0,4.0,3.0
64,Gabon,Africa,c,0.0,1.0,1.0,3.0,0.0,1.0,1.0,3.0,0.0,1.0,1.0,3.0,0.0,1.0,1.0,3.0,0.0,1.0,1.0,2.0,0.0,1.0,1.0,2.0,0.0,1.0,1.0,2.0,0.0,1.0,1.0,2.0,0.0,1.0,1.0,2.0,0.0,1.0,1.0,2.0,0.0,1.0,1.0,2.0,0.0,1.0,1.0,2.0
65,Gaza Strip,Middle East,t,1.0,1.0,1.0,2.0,0.0,1.0,1.0,2.0,0.0,1.0,1.0,2.0,0.0,1.0,0.0,2.0,0.0,1.0,0.0,2.0,0.0,1.0,0.0,2.0,0.0,1.0,0.0,2.0,0.0,1.0,0.0,2.0,0.0,1.0,0.0,2.0,0.0,1.0,0.0,2.0,0.0,1.0,0.0,2.0,0.0,1.0,0.0,2.0
66,Georgia,Eurasia,c,2.0,2.0,2.0,4.0,3.0,2.0,2.0,4.0,3.0,2.0,2.0,4.0,3.0,2.0,2.0,3.0,3.0,2.0,2.0,3.0,3.0,2.0,2.0,3.0,2.0,2.0,2.0,3.0,2.0,2.0,2.0,3.0,2.0,2.0,2.0,3.0,2.0,2.0,2.0,2.0,2.0,2.0,2.0,2.0,2.0,2.0,2.0,2.0
67,Germany,Europe,c,4.0,3.0,4.0,4.0,4.0,3.0,4.0,4.0,4.0,3.0,4.0,4.0,4.0,3.0,4.0,4.0,4.0,3.0,4.0,4.0,4.0,3.0,4.0,3.0,4.0,3.0,4.0,3.0,4.0,3.0,4.0,3.0,4.0,3.0,4.0,3.0,4.0,3.0,4.0,3.0,4.0,3.0,4.0,3.0,4.0,3.0,4.0,3.0
68,Ghana,Africa,c,4.0,3.0,3.0,4.0,4.0,3.0,3.0,4.0,4.0,3.0,3.0,4.0,4.0,3.0,3.0,4.0,4.0,3.0,3.0,4.0,4.0,3.0,3.0,4.0,4.0,3.0,3.0,4.0,4.0,3.0,3.0,4.0,4.0,3.0,3.0,4.0,4.0,3.0,3.0,4.0,4.0,3.0,3.0,4.0,4.0,3.0,3.0,4.0
69,Greece,Europe,c,4.0,3.0,3.0,4.0,4.0,3.0,3.0,4.0,4.0,3.0,3.0,4.0,4.0,3.0,3.0,4.0,4.0,3.0,3.0,4.0,4.0,3.0,3.0,4.0,4.0,3.0,3.0,4.0,4.0,3.0,3.0,4.0,4.0,3.0,3.0,4.0,4.0,3.0,3.0,4.0,4.0,3.0,3.0,4.0,4.0,3.0,3.0,3.0
70,Grenada,Americas,c,4.0,4.0,3.0,4.0,4.0,4.0,3.0,4.0,4.0,4.0,3.0,4.0,4.0,4.0,3.0,4.0,4.0,4.0,3.0,4.0,4.0,4.0,3.0,4.0,4.0,4.0,3.0,4.0,4.0,4.0,3.0,4.0,4.0,4.0,3.0,4.0,4.0,4.0,3.0,4.0,4.0,4.0,3.0,4.0,4.0,4.0,3.0,4.0
71,Guatemala,Americas,c,3.0,2.0,2.0,3.0,3.0,2.0,2.0,3.0,3.0,2.0,2.0,3.0,3.0,2.0,2.0,3.0,3.0,2.0,2.0,2.0,3.0,2.0,2.0,3.0,3.0,2.0,2.0,2.0,2.0,2.0,2.0,2.0,2.0,2.0,2.0,2.0,2.0,2.0,2.0,2.0,2.0,2.0,1.0,2.0,2.0,2.0,1.0,2.0
72,Guinea,Africa,c,3.0,2.0,1.0,3.0,3.0,2.0,1.0,3.0,3.0,2.0,1.0,3.0,3.0,2.0,1.0,3.0,3.0,2.0,1.0,3.0,3.0,2.0,1.0,3.0,3.0,2.0,2.0,3.0,3.0,2.0,2.0,3.0,2.0,2.0,2.0,2.0,0.0,2.0,2.0,2.0,0.0,2.0,1.0,2.0,0.0,2.0,1.0,2.0
73,Guinea Bissau,Africa,c,0.0,2.0,1.0,3.0,0.0,2.0,1.0,3.0,3.0,2.0,1.0,3.0,2.0,2.0,1.0,3.0,2.0,2.0,1.0,3.0,2.0,2.0,1.0,3.0,2.0,2.0,2.0,3.0,2.0,2.0,2.0,3.0,2.0,2.0,1.0,3.0,2.0,2.0,1.0,3.0,2.0,2.0,1.0,3.0,2.0,2.0,1.0,3.0
74,Guyana,Americas,c,4.0,2.0,3.0,4.0,4.0,2.0,3.0,4.0,4.0,2.0,3.0,4.0,4.0,2.0,3.0,4.0,4.0,2.0,3.0,4.0,4.0,2.0,3.0,4.0,4.0,2.0,3.0,4.0,3.0,2.0,3.0,4.0,3.0,2.0,3.0,4.0,3.0,2.0,3.0,4.0,3.0,2.0,3.0,4.0,3.0,2.0,3.0,4.0
75,Haiti,Americas,c,2.0,3.0,2.0,3.0,2.0,3.0,2.0,3.0,2.0,3.0,2.0,3.0,2.0,3.0,2.0,3.0,1.0,3.0,2.0,3.0,2.0,2.0,2.0,3.0,2.0,2.0,2.0,3.0,2.0,2.0,2.0,3.0,2.0,2.0,2.0,3.0,1.0,2.0,2.0,2.0,1.0,2.0,1.0,2.0,1.0,2.0,1.0,2.0
76,Honduras,Americas,c,2.0,2.0,1.0,3.0,2.0,2.0,1.0,3.0,2.0,2.0,1.0,3.0,2.0,2.0,1.0,2.0,2.0,2.0,1.0,2.0,2.0,2.0,1.0,2.0,2.0,2.0,1.0,2.0,2.0,2.0,1.0,2.0,2.0,2.0,1.0,2.0,3.0,2.0,1.0,2.0,3.0,2.0,1.0,2.0,3.0,2.0,1.0,2.0
77,Hong Kong,Asia,t,0.0,3.0,3.0,4.0,0.0,3.0,3.0,4.0,0.0,3.0,2.0,4.0,0.0,3.0,2.0,4.0,0.0,3.0,2.0,4.0,0.0,3.0,2.0,4.0,0.0,3.0,2.0,4.0,0.0,3.0,2.0,3.0,0.0,3.0,2.0,2.0,0.0,3.0,1.0,2.0,0.0,3.0,1.0,2.0,0.0,2.0,1.0,2.0
78,Hungary,Europe,c,4.0,3.0,3.0,4.0,4.0,3.0,3.0,4.0,3.0,3.0,3.0,4.0,3.0,3.0,2.0,4.0,3.0,3.0,2.0,4.0,3.0,3.0,2.0,3.0,3.0,3.0,2.0,3.0,3.0,3.0,2.0,3.0,3.0,3.0,2.0,3.0,3.0,3.0,2.0,3.0,2.0,3.0,2.0,3.0,2.0,3.0,2.0,3.0
79,Iceland,Europe,c,4.0,4.0,4.0,4.0,4.0,4.0,4.0,4.0,4.0,4.0,4.0,4.0,4.0,4.0,4.0,4.0,4.0,4.0,4.0,4.0,4.0,4.0,3.0,4.0,4.0,4.0,3.0,4.0,4.0,4.0,3.0,4.0,4.0,4.0,3.0,4.0,4.0,4.0,3.0,4.0,4.0,4.0,3.0,4.0,4.0,4.0,3.0,4.0
80,India,Asia,c,4.0,3.0,3.0,4.0,4.0,3.0,3.0,4.0,4.0,3.0,3.0,4.0,4.0,3.0,3.0,4.0,4.0,3.0,3.0,4.0,4.0,3.0,3.0,4.0,4.0,3.0,2.0,4.0,4.0,2.0,2.0,4.0,4.0,2.0,2.0,3.0,4.0,2.0,2.0,3.0,4.0,2.0,2.0,3.0,4.0,2.0,2.0,3.0
81,Indian Kashmir,Asia,t,3.0,1.0,2.0,3.0,3.0,1.0,2.0,3.0,3.0,2.0,2.0,3.0,3.0,2.0,2.0,3.0,3.0,2.0,2.0,3.0,3.0,2.0,2.0,3.0,3.0,2.0,2.0,3.0,0.0,2.0,1.0,2.0,0.0,1.0,1.0,2.0,0.0,1.0,1.0,2.0,0.0,1.0,1.0,2.0,0.0,1.0,1.0,2.0
82,Indonesia,Asia,c,4.0,2.0,3.0,4.0,4.0,2.0,3.0,4.0,3.0,3.0,3.0,4.0,4.0,3.0,3.0,4.0,4.0,3.0,3.0,4.0,4.0,2.0,3.0,4.0,4.0,2.0,3.0,4.0,4.0,2.0,3.0,3.0,4.0,2.0,3.0,3.0,4.0,2.0,3.0,3.0,4.0,2.0,3.0,3.0,4.0,2.0,3.0,3.0
83,Iran,Middle East,c,0.0,1.0,0.0,1.0,1.0,1.0,0.0,1.0,1.0,1.0,0.0,1.0,1.0,1.0,0.0,1.0,1.0,1.0,0.0,1.0,1.0,1.0,1.0,1.0,1.0,1.0,1.0,1.0,1.0,1.0,0.0,1.0,1.0,1.0,0.0,1.0,0.0,1.0,0.0,1.0,0.0,1.0,0.0,0.0,0.0,1.0,0.0,0.0
84,Iraq,Middle East,c,2.0,1.0,1.0,2.0,2.0,1.0,1.0,2.0,2.0,1.0,1.0,2.0,2.0,1.0,1.0,2.0,2.0,1.0,1.0,2.0,2.0,1.0,1.0,2.0,2.0,1.0,1.0,2.0,2.0,1.0,1.0,2.0,2.0,1.0,1.0,1.0,2.0,1.0,1.0,1.0,2.0,1.0,1.0,1.0,2.0,1.0,1.0,1.0
85,Ireland,Europe,c,4.0,4.0,4.0,4.0,4.0,4.0,4.0,4.0,4.0,4.0,4.0,4.0,4.0,4.0,4.0,4.0,4.0,4.0,4.0,4.0,4.0,4.0,4.0,4.0,4.0,4.0,4.0,4.0,4.0,4.0,4.0,4.0,4.0,4.0,4.0,4.0,4.0,4.0,4.0,4.0,4.0,4.0,4.0,4.0,4.0,4.0,4.0,4.0
86,Israel,Middle East,c,4.0,3.0,2.0,4.0,4.0,3.0,2.0,4.0,4.0,3.0,3.0,3.0,4.0,3.0,3.0,3.0,4.0,3.0,3.0,3.0,4.0,3.0,3.0,3.0,4.0,2.0,3.0,3.0,4.0,2.0,3.0,3.0,4.0,2.0,3.0,3.0,4.0,2.0,3.0,3.0,4.0,2.0,3.0,3.0,4.0,2.0,3.0,3.0
87,Italy,Europe,c,3.0,4.0,3.0,4.0,4.0,4.0,3.0,4.0,4.0,3.0,3.0,4.0,4.0,3.0,3.0,4.0,4.0,3.0,3.0,4.0,4.0,3.0,3.0,4.0,4.0,3.0,3.0,4.0,4.0,3.0,3.0,4.0,4.0,3.0,3.0,4.0,4.0,3.0,3.0,4.0,4.0,3.0,3.0,4.0,4.0,3.0,3.0,4.0
88,Jamaica,Americas,c,4.0,3.0,4.0,3.0,4.0,3.0,4.0,3.0,4.0,3.0,4.0,3.0,4.0,3.0,4.0,3.0,4.0,3.0,4.0,3.0,4.0,3.0,4.0,3.0,4.0,3.0,4.0,3.0,4.0,3.0,4.0,3.0,4.0,3.0,4.0,3.0,4.0,3.0,4.0,3.0,4.0,3.0,4.0,3.0,4.0,3.0,4.0,3.0
89,Japan,Asia,c,4.0,3.0,3.0,4.0,4.0,3.0,3.0,4.0,4.0,3.0,3.0,4.0,4.0,4.0,3.0,4.0,4.0,4.0,3.0,4.0,4.0,4.0,3.0,4.0,4.0,4.0,3.0,4.0,4.0,4.0,3.0,4.0,4.0,4.0,3.0,4.0,4.0,4.0,3.0,4.0,4.0,4.0,3.0,4.0,4.0,4.0,3.0,4.0
90,Jordan,Middle East,c,0.0,2.0,1.0,2.0,0.0,2.0,1.0,2.0,0.0,2.0,1.0,2.0,0.0,2.0,1.0,2.0,0.0,2.0,1.0,2.0,0.0,2.0,1.0,2.0,0.0,2.0,1.0,2.0,0.0,2.0,1.0,2.0,0.0,2.0,1.0,2.0,0.0,2.0,1.0,2.0,0.0,2.0,1.0,2.0,0.0,2.0,1.0,1.0
91,Kazakhstan,Eurasia,c,1.0,1.0,0.0,2.0,1.0,1.0,0.0,1.0,1.0,1.0,0.0,1.0,1.0,1.0,0.0,1.0,0.0,1.0,0.0,1.0,0.0,1.0,0.0,1.0,0.0,1.0,0.0,1.0,0.0,1.0,0.0,1.0,0.0,1.0,0.0,1.0,0.0,1.0,0.0,1.0,0.0,1.0,0.0,1.0,0.0,1.0,0.0,1.0
92,Kenya,Africa,c,1.0,2.0,3.0,4.0,2.0,2.0,2.0,3.0,2.0,2.0,2.0,3.0,2.0,2.0,2.0,3.0,2.0,2.0,2.0,3.0,1.0,2.0,2.0,3.0,1.0,2.0,2.0,3.0,1.0,2.0,2.0,3.0,1.0,2.0,2.0,3.0,1.0,2.0,2.0,3.0,3.0,2.0,2.0,3.0,3.0,2.0,2.0,3.0
93,Kiribati,Asia,c,4.0,4.0,3.0,4.0,4.0,4.0,3.0,4.0,4.0,4.0,3.0,4.0,4.0,4.0,3.0,4.0,4.0,4.0,3.0,4.0,4.0,4.0,3.0,4.0,4.0,3.0,4.0,4.0,4.0,3.0,4.0,4.0,4.0,3.0,4.0,4.0,4.0,3.0,4.0,4.0,4.0,3.0,4.0,4.0,4.0,3.0,4.0,4.0
94,Kosovo,Europe,c,2.0,2.0,2.0,2.0,2.0,2.0,2.0,2.0,3.0,2.0,2.0,3.0,3.0,2.0,2.0,3.0,3.0,2.0,2.0,3.0,3.0,2.0,2.0,3.0,3.0,2.0,2.0,3.0,3.0,2.0,2.0,3.0,2.0,2.0,2.0,3.0,3.0,2.0,2.0,3.0,3.0,3.0,2.0,3.0,3.0,3.0,2.0,3.0
95,Kuwait,Middle East,c,0.0,2.0,1.0,2.0,0.0,2.0,1.0,1.0,0.0,1.0,1.0,1.0,0.0,1.0,1.0,1.0,0.0,1.0,1.0,1.0,0.0,1.0,1.0,1.0,0.0,1.0,1.0,1.0,0.0,1.0,1.0,1.0,0.0,1.0,1.0,1.0,0.0,1.0,1.0,1.0,0.0,1.0,1.0,1.0,0.0,1.0,1.0,1.0
96,Kyrgyzstan,Eurasia,c,2.0,1.0,2.0,3.0,2.0,1.0,2.0,3.0,2.0,1.0,2.0,3.0,2.0,1.0,2.0,3.0,2.0,1.0,2.0,3.0,1.0,1.0,2.0,3.0,1.0,1.0,2.0,3.0,1.0,1.0,2.0,3.0,0.0,1.0,2.0,3.0,0.0,1.0,2.0,3.0,0.0,1.0,2.0,3.0,0.0,1.0,2.0,3.0
97,Laos,Asia,c,0.0,0.0,0.0,1.0,0.0,0.0,0.0,1.0,0.0,0.0,0.0,1.0,0.0,0.0,0.0,1.0,0.0,0.0,0.0,1.0,0.0,0.0,0.0,1.0,0.0,0.0,0.0,1.0,0.0,0.0,0.0,1.0,0.0,0.0,0.0,1.0,0.0,0.0,0.0,1.0,0.0,0.0,0.0,1.0,0.0,0.0,0.0,1.0
98,Latvia,Europe,c,4.0,3.0,3.0,4.0,4.0,3.0,3.0,4.0,4.0,3.0,3.0,4.0,4.0,3.0,3.0,4.0,4.0,3.0,3.0,4.0,4.0,3.0,3.0,4.0,4.0,3.0,3.0,4.0,4.0,3.0,3.0,4.0,4.0,3.0,3.0,4.0,4.0,3.0,3.0,4.0,4.0,3.0,3.0,4.0,4.0,3.0,3.0,4.0
99,Lebanon,Middle East,c,1.0,2.0,2.0,3.0,1.0,2.0,2.0,3.0,0.0,2.0,2.0,3.0,0.0,2.0,2.0,3.0,0.0,2.0,2.0,3.0,0.0,2.0,3.0,3.0,1.0,2.0,2.0,3.0,1.0,2.0,2.0,3.0,1.0,2.0,2.0,3.0,1.0,2.0,2.0,2.0,1.0,2.0,2.0,2.0,0.0,2.0,2.0,2.0
100,Lesotho,Africa,c,3.0,3.0,2.0,4.0,3.0,3.0,2.0,4.0,3.0,3.0,2.0,4.0,3.0,3.0,2.0,4.0,3.0,3.0,2.0,3.0,3.0,3.0,2.0,3.0,3.0,3.0,2.0,3.0,3.0,3.0,2.0,3.0,3.0,3.0,2.0,3.0,3.0,3.0,2.0,3.0,4.0,3.0,2.0,3.0,4.0,3.0,2.0,3.0
101,Liberia,Africa,c,3.0,3.0,3.0,3.0,3.0,3.0,2.0,3.0,3.0,3.0,2.0,3.0,3.0,3.0,2.0,3.0,3.0,3.0,2.0,3.0,3.0,3.0,2.0,3.0,3.0,3.0,2.0,3.0,3.0,3.0,2.0,3.0,3.0,3.0,2.0,3.0,3.0,3.0,2.0,3.0,3.0,3.0,2.0,3.0,4.0,3.0,2.0,3.0
102,Libya,Africa,c,3.0,2.0,2.0,3.0,3.0,2.0,2.0,3.0,1.0,1.0,1.0,2.0,1.0,1.0,1.0,2.0,0.0,1.0,1.0,1.0,0.0,0.0,1.0,1.0,0.0,0.0,1.0,1.0,0.0,0.0,1.0,1.0,0.0,0.0,1.0,1.0,0.0,0.0,1.0,1.0,0.0,0.0,1.0,1.0,0.0,0.0,0.0,1.0
103,Liechtenstein,Europe,c,4.0,3.0,4.0,4.0,4.0,3.0,4.0,4.0,4.0,3.0,4.0,4.0,4.0,3.0,4.0,4.0,2.0,3.0,4.0,4.0,2.0,3.0,4.0,4.0,2.0,3.0,4.0,4.0,2.0,3.0,4.0,4.0,2.0,3.0,4.0,4.0,2.0,3.0,4.0,4.0,2.0,3.0,4.0,4.0,2.0,3.0,4.0,4.0
104,Lithuania,Europe,c,4.0,4.0,4.0,4.0,4.0,4.0,4.0,4.0,4.0,4.0,4.0,4.0,4.0,4.0,4.0,4.0,4.0,4.0,4.0,4.0,4.0,4.0,4.0,4.0,4.0,4.0,4.0,4.0,4.0,4.0,4.0,4.0,4.0,4.0,3.0,4.0,4.0,4.0,3.0,4.0,4.0,4.0,3.0,4.0,4.0,4.0,3.0,4.0
105,Luxembourg,Europe,c,4.0,4.0,4.0,4.0,4.0,4.0,4.0,4.0,4.0,4.0,4.0,4.0,4.0,4.0,4.0,4.0,4.0,4.0,4.0,4.0,4.0,4.0,4.0,4.0,4.0,4.0,4.0,4.0,4.0,4.0,4.0,4.0,4.0,4.0,4.0,4.0,4.0,4.0,4.0,4.0,4.0,4.0,4.0,4.0,4.0,4.0,4.0,4.0
106,Madagascar,Africa,c,0.0,2.0,1.0,3.0,2.0,2.0,1.0,3.0,3.0,2.0,1.0,3.0,3.0,2.0,2.0,3.0,3.0,2.0,2.0,3.0,3.0,2.0,2.0,3.0,3.0,2.0,2.0,3.0,3.0,2.0,2.0,3.0,3.0,2.0,2.0,2.0,3.0,2.0,2.0,3.0,3.0,2.0,2.0,3.0,2.0,2.0,2.0,3.0
107,Malawi,Africa,c,3.0,3.0,2.0,3.0,3.0,3.0,2.0,3.0,3.0,3.0,2.0,3.0,3.0,3.0,3.0,3.0,3.0,3.0,3.0,3.0,3.0,3.0,3.0,3.0,3.0,3.0,3.0,3.0,3.0,3.0,2.0,3.0,3.0,3.0,2.0,3.0,3.0,3.0,2.0,3.0,3.0,3.0,2.0,3.0,3.0,3.0,2.0,3.0
108,Malaysia,Asia,c,2.0,1.0,2.0,4.0,2.0,1.0,2.0,3.0,2.0,1.0,2.0,2.0,2.0,1.0,2.0,2.0,2.0,1.0,2.0,2.0,2.0,1.0,2.0,2.0,2.0,2.0,3.0,3.0,2.0,2.0,3.0,3.0,2.0,2.0,2.0,3.0,2.0,2.0,2.0,3.0,2.0,2.0,2.0,3.0,2.0,2.0,2.0,3.0
109,Maldives,Asia,c,1.0,1.0,2.0,2.0,2.0,1.0,2.0,2.0,2.0,1.0,1.0,2.0,2.0,1.0,1.0,2.0,2.0,1.0,1.0,2.0,2.0,1.0,1.0,1.0,2.0,1.0,1.0,1.0,2.0,1.0,1.0,1.0,2.0,1.0,1.0,1.0,2.0,1.0,1.0,1.0,2.0,1.0,1.0,1.0,2.0,1.0,1.0,1.0
110,Mali,Africa,c,0.0,1.0,2.0,2.0,2.0,2.0,2.0,3.0,2.0,2.0,2.0,3.0,2.0,2.0,3.0,3.0,2.0,2.0,3.0,3.0,2.0,2.0,2.0,3.0,2.0,2.0,2.0,3.0,2.0,2.0,2.0,3.0,0.0,2.0,2.0,3.0,0.0,2.0,2.0,3.0,0.0,2.0,2.0,2.0,0.0,2.0,1.0,2.0
111,Malta,Europe,c,4.0,4.0,4.0,4.0,4.0,4.0,4.0,4.0,4.0,4.0,4.0,4.0,4.0,4.0,4.0,4.0,4.0,4.0,4.0,4.0,4.0,4.0,3.0,4.0,4.0,4.0,3.0,4.0,4.0,4.0,3.0,3.0,4.0,4.0,3.0,3.0,4.0,4.0,3.0,3.0,4.0,4.0,3.0,3.0,4.0,4.0,3.0,3.0
112,Marshall Islands,Asia,c,4.0,4.0,4.0,4.0,4.0,4.0,4.0,4.0,4.0,4.0,4.0,4.0,4.0,4.0,4.0,4.0,4.0,4.0,4.0,4.0,4.0,4.0,4.0,4.0,4.0,4.0,4.0,4.0,4.0,4.0,4.0,4.0,4.0,4.0,4.0,4.0,4.0,4.0,4.0,4.0,4.0,4.0,4.0,4.0,4.0,4.0,4.0,4.0
113,Mauritania,Africa,c,1.0,1.0,2.0,3.0,1.0,1.0,2.0,3.0,1.0,0.0,2.0,3.0,1.0,0.0,2.0,2.0,1.0,0.0,2.0,2.0,1.0,0.0,2.0,2.0,1.0,0.0,2.0,2.0,2.0,0.0,2.0,2.0,2.0,0.0,2.0,2.0,2.0,0.0,2.0,2.0,2.0,0.0,2.0,2.0,2.0,1.0,2.0,2.0
114,Mauritius,Africa,c,4.0,3.0,3.0,4.0,4.0,3.0,3.0,4.0,4.0,3.0,3.0,4.0,4.0,3.0,3.0,4.0,4.0,3.0,3.0,4.0,4.0,3.0,3.0,4.0,4.0,3.0,3.0,4.0,4.0,3.0,3.0,4.0,4.0,3.0,3.0,3.0,4.0,3.0,3.0,3.0,4.0,3.0,3.0,3.0,4.0,3.0,3.0,3.0
115,Mexico,Americas,c,3.0,3.0,2.0,3.0,3.0,3.0,2.0,3.0,3.0,3.0,2.0,3.0,3.0,3.0,2.0,3.0,3.0,3.0,2.0,3.0,3.0,3.0,2.0,3.0,3.0,3.0,2.0,3.0,3.0,3.0,2.0,3.0,3.0,3.0,2.0,3.0,3.0,3.0,2.0,3.0,3.0,3.0,2.0,3.0,3.0,3.0,2.0,3.0
116,Micronesia,Asia,c,4.0,3.0,4.0,4.0,4.0,3.0,4.0,4.0,4.0,3.0,4.0,4.0,4.0,3.0,4.0,4.0,4.0,3.0,4.0,4.0,4.0,3.0,4.0,4.0,4.0,3.0,4.0,4.0,4.0,3.0,4.0,4.0,4.0,3.0,4.0,4.0,4.0,3.0,4.0,4.0,4.0,3.0,4.0,4.0,4.0,3.0,4.0,4.0
117,Moldova,Eurasia,c,4.0,3.0,2.0,3.0,4.0,3.0,2.0,3.0,4.0,3.0,2.0,3.0,4.0,3.0,2.0,3.0,4.0,3.0,2.0,4.0,4.0,3.0,2.0,4.0,4.0,3.0,2.0,3.0,4.0,3.0,2.0,3.0,4.0,3.0,2.0,4.0,4.0,3.0,2.0,4.0,4.0,3.0,2.0,4.0,4.0,3.0,2.0,4.0
118,Monaco,Europe,c,2.0,3.0,3.0,4.0,2.0,3.0,4.0,4.0,2.0,3.0,4.0,4.0,2.0,3.0,4.0,4.0,0.0,3.0,4.0,4.0,0.0,3.0,4.0,4.0,0.0,3.0,4.0,4.0,0.0,3.0,4.0,4.0,0.0,3.0,4.0,4.0,0.0,3.0,4.0,4.0,0.0,3.0,4.0,4.0,0.0,3.0,4.0,4.0
119,Mongolia,Asia,c,4.0,4.0,3.0,4.0,4.0,4.0,3.0,4.0,4.0,4.0,3.0,4.0,4.0,4.0,3.0,4.0,4.0,4.0,3.0,3.0,4.0,4.0,3.0,3.0,4.0,4.0,3.0,3.0,4.0,4.0,3.0,3.0,4.0,4.0,3.0,3.0,4.0,4.0,3.0,3.0,4.0,4.0,3.0,3.0,4.0,4.0,3.0,3.0
120,Montenegro,Europe,c,3.0,3.0,3.0,4.0,3.0,3.0,3.0,4.0,3.0,3.0,2.0,4.0,3.0,3.0,2.0,4.0,3.0,3.0,2.0,4.0,3.0,3.0,2.0,3.0,3.0,3.0,2.0,3.0,3.0,3.0,2.0,3.0,3.0,3.0,2.0,2.0,3.0,3.0,3.0,3.0,3.0,3.0,3.0,3.0,3.0,3.0,3.0,3.0
121,Morocco,Africa,c,1.0,2.0,1.0,3.0,1.0,2.0,1.0,3.0,1.0,2.0,1.0,3.0,1.0,2.0,1.0,3.0,1.0,2.0,1.0,2.0,1.0,1.0,1.0,2.0,1.0,1.0,1.0,2.0,1.0,1.0,1.0,2.0,1.0,1.0,1.0,2.0,1.0,1.0,1.0,2.0,1.0,1.0,1.0,2.0,1.0,1.0,1.0,2.0
122,Mozambique,Africa,c,2.0,3.0,3.0,3.0,2.0,3.0,3.0,3.0,2.0,3.0,3.0,3.0,2.0,3.0,2.0,3.0,2.0,3.0,2.0,3.0,2.0,3.0,2.0,2.0,2.0,3.0,2.0,2.0,1.0,2.0,2.0,2.0,1.0,2.0,2.0,2.0,1.0,2.0,2.0,2.0,1.0,2.0,2.0,2.0,1.0,2.0,2.0,2.0
123,Myanmar,Asia,c,0.0,1.0,2.0,3.0,0.0,1.0,2.0,3.0,0.0,1.0,1.0,3.0,0.0,1.0,2.0,3.0,2.0,1.0,2.0,3.0,2.0,1.0,2.0,2.0,2.0,1.0,1.0,2.0,2.0,1.0,1.0,2.0,2.0,1.0,1.0,2.0,0.0,1.0,1.0,1.0,0.0,1.0,1.0,1.0,0.0,1.0,1.0,1.0
124,Nagorno-Karabakh,Eurasia,t,2.0,1.0,1.0,3.0,2.0,1.0,1.0,3.0,2.0,1.0,1.0,3.0,2.0,1.0,1.0,3.0,2.0,1.0,1.0,3.0,1.0,1.0,1.0,3.0,1.0,1.0,1.0,3.0,1.0,1.0,2.0,3.0,2.0,1.0,2.0,3.0,2.0,1.0,2.0,3.0,2.0,1.0,2.0,3.0,0.0,0.0,0.0,0.0
125,Namibia,Africa,c,4.0,3.0,3.0,3.0,4.0,3.0,3.0,3.0,4.0,3.0,3.0,3.0,4.0,3.0,3.0,3.0,4.0,3.0,3.0,3.0,4.0,3.0,3.0,3.0,4.0,3.0,3.0,3.0,4.0,3.0,3.0,3.0,4.0,3.0,3.0,3.0,4.0,3.0,3.0,3.0,4.0,3.0,3.0,3.0,4.0,3.0,3.0,3.0
126,Nauru,Asia,c,4.0,4.0,3.0,4.0,4.0,4.0,3.0,4.0,4.0,4.0,2.0,4.0,4.0,4.0,2.0,3.0,4.0,4.0,2.0,3.0,4.0,4.0,2.0,3.0,4.0,3.0,2.0,3.0,4.0,3.0,2.0,3.0,4.0,3.0,2.0,3.0,4.0,3.0,2.0,3.0,4.0,3.0,2.0,3.0,4.0,3.0,2.0,3.0
127,Nepal,Asia,c,2.0,3.0,2.0,3.0,3.0,3.0,2.0,3.0,3.0,3.0,2.0,3.0,3.0,3.0,2.0,3.0,3.0,2.0,2.0,3.0,3.0,2.0,3.0,3.0,3.0,2.0,2.0,3.0,3.0,2.0,2.0,3.0,3.0,2.0,2.0,3.0,3.0,2.0,2.0,3.0,3.0,2.0,2.0,3.0,4.0,2.0,2.0,3.0
128,Netherlands,Europe,c,4.0,4.0,4.0,4.0,4.0,4.0,4.0,4.0,4.0,4.0,4.0,4.0,4.0,4.0,4.0,4.0,4.0,4.0,4.0,4.0,4.0,4.0,4.0,4.0,4.0,4.0,4.0,4.0,4.0,4.0,4.0,4.0,4.0,4.0,4.0,4.0,4.0,4.0,4.0,4.0,4.0,4.0,4.0,4.0,4.0,4.0,4.0,4.0
129,New Zealand,Asia,c,4.0,3.0,4.0,4.0,4.0,3.0,4.0,4.0,4.0,3.0,4.0,4.0,4.0,4.0,4.0,4.0,4.0,4.0,4.0,4.0,4.0,4.0,4.0,4.0,4.0,4.0,4.0,4.0,4.0,4.0,4.0,4.0,4.0,4.0,4.0,4.0,4.0,4.0,4.0,4.0,4.0,4.0,4.0,4.0,4.0,4.0,4.0,4.0
130,Nicaragua,Americas,c,2.0,3.0,2.0,3.0,2.0,3.0,2.0,3.0,2.0,3.0,2.0,3.0,2.0,3.0,2.0,3.0,1.0,3.0,1.0,3.0,1.0,3.0,1.0,3.0,1.0,2.0,1.0,2.0,1.0,2.0,1.0,2.0,1.0,2.0,1.0,2.0,0.0,2.0,0.0,1.0,0.0,2.0,0.0,0.0,0.0,2.0,0.0,0.0
131,Niger,Africa,c,3.0,2.0,2.0,3.0,3.0,2.0,2.0,3.0,3.0,2.0,2.0,3.0,3.0,2.0,2.0,3.0,2.0,2.0,2.0,3.0,2.0,2.0,2.0,3.0,2.0,2.0,2.0,3.0,2.0,2.0,2.0,3.0,2.0,2.0,2.0,3.0,3.0,3.0,2.0,3.0,3.0,3.0,2.0,3.0,0.0,2.0,2.0,2.0
132,Nigeria,Africa,c,2.0,2.0,2.0,3.0,2.0,2.0,2.0,3.0,2.0,2.0,2.0,3.0,3.0,2.0,2.0,3.0,3.0,2.0,2.0,3.0,3.0,2.0,2.0,3.0,3.0,2.0,2.0,3.0,2.0,2.0,2.0,3.0,2.0,2.0,2.0,3.0,2.0,2.0,2.0,3.0,2.0,2.0,2.0,3.0,2.0,2.0,2.0,3.0
133,North Korea,Asia,c,0.0,0.0,0.0,0.0,0.0,0.0,0.0,0.0,0.0,0.0,0.0,0.0,0.0,0.0,0.0,0.0,0.0,0.0,0.0,0.0,0.0,0.0,0.0,0.0,0.0,0.0,0.0,0.0,0.0,0.0,0.0,0.0,0.0,0.0,0.0,0.0,0.0,0.0,0.0,0.0,0.0,0.0,0.0,0.0,0.0,0.0,0.0,0.0
134,Macedonia,Europe,c,3.0,3.0,2.0,3.0,3.0,3.0,2.0,3.0,2.0,3.0,2.0,3.0,2.0,3.0,2.0,2.0,2.0,3.0,2.0,2.0,1.0,3.0,2.0,3.0,1.0,3.0,2.0,3.0,2.0,3.0,3.0,3.0,3.0,3.0,3.0,3.0,3.0,3.0,3.0,3.0,3.0,3.0,3.0,3.0,3.0,3.0,3.0,3.0
135,Northern Cyprus,Europe,t,4.0,2.0,2.0,4.0,4.0,2.0,3.0,4.0,4.0,2.0,3.0,4.0,4.0,2.0,3.0,4.0,4.0,2.0,3.0,4.0,4.0,2.0,4.0,4.0,4.0,2.0,4.0,4.0,4.0,2.0,4.0,4.0,2.0,2.0,4.0,4.0,2.0,2.0,4.0,4.0,2.0,2.0,3.0,4.0,2.0,2.0,3.0,4.0
136,Norway,Europe,c,4.0,4.0,4.0,4.0,4.0,4.0,4.0,4.0,4.0,4.0,4.0,4.0,4.0,4.0,4.0,4.0,4.0,4.0,4.0,4.0,4.0,4.0,4.0,4.0,4.0,4.0,4.0,4.0,4.0,4.0,4.0,4.0,4.0,4.0,4.0,4.0,4.0,4.0,4.0,4.0,4.0,4.0,4.0,4.0,4.0,4.0,4.0,4.0
137,Oman,Middle East,c,0.0,1.0,1.0,1.0,0.0,1.0,1.0,1.0,0.0,1.0,1.0,1.0,0.0,1.0,1.0,1.0,0.0,1.0,1.0,1.0,0.0,1.0,1.0,1.0,0.0,1.0,1.0,1.0,0.0,1.0,1.0,1.0,0.0,1.0,1.0,1.0,0.0,1.0,1.0,1.0,0.0,1.0,1.0,1.0,0.0,1.0,1.0,1.0
138,Pakistan,Asia,c,2.0,2.0,1.0,2.0,3.0,2.0,1.0,2.0,3.0,1.0,1.0,2.0,3.0,1.0,1.0,2.0,3.0,1.0,1.0,2.0,2.0,1.0,2.0,2.0,1.0,1.0,1.0,2.0,1.0,1.0,1.0,2.0,1.0,1.0,1.0,2.0,1.0,1.0,1.0,2.0,1.0,1.0,1.0,2.0,1.0,1.0,1.0,2.0
139,Pakistani Kashmir,Asia,t,0.0,1.0,1.0,2.0,0.0,1.0,1.0,2.0,1.0,1.0,1.0,2.0,1.0,1.0,1.0,2.0,1.0,1.0,1.0,2.0,1.0,1.0,1.0,2.0,1.0,1.0,1.0,2.0,1.0,1.0,1.0,2.0,1.0,1.0,1.0,2.0,1.0,1.0,1.0,2.0,1.0,1.0,1.0,2.0,1.0,1.0,1.0,2.0
140,Palau,Asia,c,4.0,3.0,4.0,4.0,4.0,3.0,4.0,4.0,4.0,3.0,4.0,4.0,4.0,3.0,4.0,4.0,4.0,3.0,4.0,4.0,4.0,3.0,4.0,4.0,4.0,3.0,4.0,4.0,4.0,3.0,4.0,4.0,4.0,3.0,4.0,4.0,4.0,3.0,4.0,4.0,4.0,3.0,4.0,4.0,4.0,3.0,4.0,4.0
141,Panama,Americas,c,4.0,3.0,3.0,4.0,4.0,3.0,3.0,4.0,4.0,3.0,3.0,4.0,4.0,3.0,3.0,4.0,4.0,3.0,3.0,4.0,4.0,3.0,3.0,4.0,4.0,3.0,3.0,4.0,4.0,3.0,3.0,4.0,4.0,3.0,3.0,4.0,4.0,3.0,3.0,4.0,4.0,3.0,3.0,4.0,4.0,3.0,3.0,4.0
142,Papua New Guinea,Asia,c,3.0,2.0,3.0,3.0,3.0,2.0,3.0,3.0,3.0,2.0,3.0,3.0,3.0,2.0,3.0,3.0,3.0,3.0,3.0,4.0,3.0,3.0,3.0,4.0,3.0,3.0,3.0,4.0,3.0,3.0,3.0,4.0,3.0,3.0,3.0,4.0,3.0,3.0,3.0,4.0,3.0,3.0,3.0,4.0,3.0,3.0,3.0,4.0
143,Paraguay,Americas,c,3.0,2.0,1.0,3.0,3.0,2.0,2.0,3.0,3.0,2.0,2.0,3.0,3.0,2.0,2.0,3.0,3.0,2.0,2.0,3.0,3.0,2.0,2.0,3.0,3.0,2.0,2.0,3.0,3.0,2.0,2.0,3.0,3.0,2.0,2.0,3.0,3.0,2.0,2.0,3.0,3.0,2.0,2.0,3.0,3.0,2.0,2.0,3.0
144,Peru,Americas,c,3.0,2.0,3.0,4.0,3.0,2.0,3.0,4.0,3.0,2.0,3.0,4.0,3.0,2.0,3.0,4.0,4.0,2.0,3.0,4.0,4.0,2.0,3.0,4.0,4.0,2.0,3.0,4.0,4.0,2.0,3.0,4.0,3.0,2.0,3.0,4.0,3.0,2.0,3.0,4.0,3.0,2.0,3.0,4.0,3.0,2.0,3.0,4.0
145,Philippines,Asia,c,3.0,3.0,2.0,4.0,3.0,3.0,2.0,4.0,3.0,3.0,2.0,4.0,3.0,3.0,2.0,4.0,3.0,3.0,2.0,4.0,3.0,3.0,2.0,4.0,3.0,3.0,2.0,4.0,3.0,3.0,2.0,4.0,3.0,3.0,1.0,3.0,3.0,3.0,1.0,3.0,3.0,3.0,1.0,3.0,3.0,3.0,1.0,3.0
146,Poland,Europe,c,4.0,4.0,4.0,4.0,4.0,4.0,4.0,4.0,4.0,4.0,4.0,4.0,4.0,4.0,4.0,4.0,4.0,4.0,3.0,4.0,4.0,4.0,3.0,4.0,4.0,4.0,3.0,4.0,4.0,4.0,3.0,4.0,3.0,4.0,3.0,3.0,3.0,4.0,3.0,3.0,3.0,4.0,3.0,3.0,3.0,4.0,3.0,3.0
147,Portugal,Europe,c,4.0,4.0,4.0,4.0,4.0,4.0,4.0,4.0,4.0,4.0,4.0,4.0,4.0,4.0,4.0,4.0,4.0,4.0,4.0,4.0,4.0,4.0,4.0,4.0,4.0,4.0,4.0,4.0,4.0,4.0,4.0,4.0,4.0,4.0,4.0,4.0,4.0,4.0,4.0,4.0,4.0,4.0,4.0,4.0,4.0,4.0,4.0,4.0
148,Puerto Rico,Americas,t,4.0,4.0,4.0,4.0,4.0,4.0,4.0,4.0,4.0,4.0,4.0,4.0,4.0,4.0,4.0,4.0,,,,,,,,,,,,,,,,,,,,,,,,,,,,,,,,
149,Qatar,Middle East,c,0.0,1.0,2.0,2.0,0.0,1.0,2.0,2.0,0.0,1.0,2.0,2.0,0.0,1.0,2.0,2.0,0.0,1.0,1.0,2.0,0.0,1.0,1.0,2.0,0.0,1.0,1.0,2.0,0.0,1.0,1.0,2.0,0.0,1.0,1.0,2.0,0.0,1.0,1.0,2.0,0.0,1.0,1.0,2.0,0.0,1.0,1.0,2.0
150,Romania,Europe,c,3.0,3.0,3.0,4.0,4.0,3.0,3.0,4.0,4.0,3.0,3.0,4.0,4.0,3.0,3.0,4.0,4.0,3.0,3.0,4.0,4.0,3.0,3.0,4.0,4.0,3.0,3.0,4.0,4.0,3.0,3.0,4.0,4.0,3.0,3.0,4.0,4.0,3.0,3.0,4.0,4.0,3.0,3.0,4.0,4.0,3.0,3.0,4.0
151,Russia,Eurasia,c,0.0,1.0,1.0,3.0,0.0,1.0,1.0,3.0,0.0,1.0,0.0,2.0,0.0,1.0,0.0,1.0,0.0,1.0,0.0,1.0,0.0,1.0,0.0,1.0,0.0,1.0,0.0,1.0,0.0,1.0,0.0,1.0,0.0,1.0,0.0,1.0,0.0,1.0,0.0,1.0,0.0,1.0,0.0,1.0,0.0,1.0,0.0,0.0
152,Rwanda,Africa,c,0.0,1.0,0.0,0.0,0.0,1.0,0.0,1.0,0.0,1.0,0.0,0.0,0.0,1.0,0.0,0.0,0.0,1.0,0.0,0.0,0.0,1.0,0.0,0.0,0.0,1.0,0.0,0.0,0.0,1.0,0.0,0.0,0.0,1.0,0.0,0.0,0.0,1.0,0.0,0.0,0.0,1.0,0.0,0.0,0.0,1.0,0.0,0.0
153,Samoa,Asia,c,3.0,3.0,3.0,4.0,3.0,3.0,3.0,4.0,3.0,3.0,3.0,4.0,3.0,3.0,3.0,4.0,3.0,3.0,3.0,4.0,3.0,3.0,3.0,4.0,3.0,3.0,3.0,4.0,3.0,3.0,3.0,4.0,3.0,3.0,3.0,4.0,3.0,3.0,3.0,4.0,3.0,3.0,3.0,4.0,3.0,3.0,3.0,4.0
154,San Marino,Europe,c,4.0,4.0,4.0,4.0,4.0,4.0,4.0,4.0,4.0,4.0,4.0,4.0,4.0,4.0,4.0,4.0,4.0,3.0,3.0,4.0,4.0,3.0,3.0,4.0,4.0,3.0,3.0,4.0,4.0,3.0,3.0,4.0,4.0,3.0,3.0,4.0,4.0,3.0,3.0,4.0,4.0,3.0,3.0,4.0,4.0,3.0,3.0,4.0
155,Sao Tome and Principe,Africa,c,4.0,3.0,3.0,4.0,4.0,3.0,3.0,4.0,4.0,3.0,3.0,4.0,4.0,3.0,3.0,4.0,4.0,3.0,3.0,4.0,4.0,3.0,3.0,4.0,4.0,3.0,3.0,4.0,4.0,4.0,3.0,4.0,4.0,4.0,3.0,4.0,4.0,4.0,3.0,4.0,4.0,4.0,3.0,4.0,4.0,4.0,3.0,4.0
156,Saudi Arabia,Middle East,c,0.0,0.0,0.0,2.0,0.0,0.0,0.0,2.0,0.0,0.0,0.0,2.0,0.0,0.0,0.0,2.0,0.0,0.0,0.0,2.0,0.0,0.0,0.0,2.0,0.0,0.0,0.0,1.0,0.0,0.0,0.0,1.0,0.0,0.0,0.0,1.0,0.0,0.0,0.0,1.0,0.0,0.0,0.0,1.0,0.0,0.0,0.0,1.0
157,Senegal,Africa,c,4.0,3.0,2.0,4.0,4.0,3.0,3.0,4.0,4.0,3.0,3.0,4.0,4.0,3.0,3.0,4.0,4.0,3.0,3.0,4.0,4.0,3.0,2.0,3.0,4.0,3.0,2.0,3.0,3.0,3.0,2.0,3.0,3.0,3.0,2.0,3.0,3.0,3.0,2.0,3.0,3.0,3.0,2.0,3.0,3.0,3.0,2.0,3.0
158,Republic of Serbia,Europe,c,3.0,3.0,3.0,4.0,3.0,3.0,3.0,4.0,3.0,3.0,3.0,4.0,3.0,3.0,2.0,4.0,3.0,3.0,2.0,4.0,3.0,3.0,2.0,4.0,3.0,3.0,2.0,3.0,3.0,3.0,2.0,3.0,3.0,3.0,2.0,3.0,3.0,3.0,2.0,3.0,2.0,3.0,2.0,3.0,2.0,3.0,2.0,2.0
159,Seychelles,Africa,c,3.0,2.0,2.0,3.0,3.0,2.0,2.0,3.0,3.0,2.0,2.0,3.0,3.0,2.0,2.0,3.0,3.0,2.0,2.0,3.0,3.0,2.0,2.0,3.0,3.0,2.0,2.0,3.0,3.0,2.0,2.0,3.0,4.0,2.0,2.0,3.0,4.0,2.0,3.0,3.0,4.0,2.0,3.0,3.0,4.0,2.0,3.0,3.0
160,Sierra Leone,Africa,c,3.0,3.0,3.0,3.0,3.0,3.0,2.0,3.0,3.0,3.0,2.0,3.0,3.0,3.0,2.0,3.0,3.0,3.0,2.0,3.0,3.0,3.0,2.0,3.0,3.0,3.0,2.0,3.0,3.0,3.0,2.0,3.0,3.0,3.0,2.0,3.0,3.0,3.0,2.0,3.0,3.0,3.0,2.0,3.0,2.0,3.0,2.0,3.0
161,Singapore,Asia,c,1.0,2.0,2.0,3.0,1.0,2.0,1.0,3.0,1.0,2.0,1.0,3.0,1.0,2.0,1.0,3.0,1.0,2.0,1.0,3.0,1.0,2.0,2.0,3.0,1.0,2.0,2.0,3.0,1.0,2.0,2.0,2.0,1.0,2.0,2.0,2.0,1.0,2.0,1.0,2.0,1.0,2.0,1.0,2.0,1.0,2.0,1.0,2.0
162,Slovakia,Europe,c,4.0,3.0,4.0,4.0,4.0,3.0,4.0,4.0,4.0,3.0,3.0,4.0,4.0,3.0,3.0,4.0,4.0,3.0,3.0,4.0,4.0,3.0,3.0,4.0,4.0,3.0,2.0,4.0,4.0,3.0,2.0,4.0,4.0,3.0,3.0,4.0,4.0,3.0,3.0,4.0,4.0,3.0,3.0,4.0,4.0,3.0,3.0,4.0
163,Slovenia,Europe,c,4.0,3.0,3.0,4.0,4.0,3.0,3.0,4.0,4.0,3.0,3.0,4.0,4.0,4.0,3.0,4.0,4.0,4.0,3.0,4.0,4.0,4.0,3.0,4.0,4.0,4.0,3.0,4.0,4.0,4.0,3.0,4.0,4.0,4.0,3.0,4.0,4.0,4.0,2.0,4.0,4.0,4.0,2.0,4.0,4.0,4.0,3.0,4.0
164,Solomon Islands,Asia,c,2.0,2.0,3.0,3.0,2.0,2.0,3.0,3.0,3.0,2.0,3.0,3.0,3.0,2.0,3.0,3.0,3.0,3.0,3.0,3.0,3.0,3.0,3.0,3.0,3.0,3.0,4.0,4.0,3.0,3.0,4.0,4.0,3.0,3.0,4.0,4.0,3.0,3.0,4.0,4.0,3.0,3.0,2.0,4.0,3.0,3.0,2.0,4.0
165,Somalia,Africa,c,0.0,0.0,0.0,1.0,0.0,0.0,0.0,1.0,0.0,0.0,0.0,1.0,0.0,0.0,0.0,1.0,0.0,0.0,1.0,1.0,0.0,0.0,1.0,1.0,0.0,0.0,1.0,1.0,0.0,0.0,1.0,1.0,0.0,0.0,1.0,1.0,0.0,0.0,1.0,1.0,0.0,0.0,1.0,1.0,0.0,0.0,1.0,1.0
166,Somaliland,Africa,t,3.0,2.0,1.0,2.0,3.0,2.0,1.0,2.0,3.0,2.0,1.0,2.0,0.0,2.0,1.0,2.0,0.0,2.0,1.0,2.0,3.0,2.0,1.0,2.0,3.0,2.0,1.0,1.0,3.0,2.0,1.0,1.0,3.0,2.0,1.0,1.0,3.0,2.0,2.0,2.0,1.0,2.0,2.0,2.0,0.0,2.0,2.0,2.0
167,South Africa,Africa,c,4.0,4.0,3.0,4.0,4.0,4.0,3.0,4.0,4.0,4.0,3.0,4.0,4.0,4.0,3.0,4.0,4.0,4.0,3.0,4.0,4.0,4.0,3.0,4.0,4.0,4.0,3.0,4.0,4.0,4.0,3.0,4.0,4.0,4.0,3.0,4.0,4.0,4.0,3.0,4.0,4.0,4.0,3.0,4.0,4.0,4.0,3.0,4.0
168,South Korea,Asia,c,4.0,3.0,3.0,4.0,4.0,3.0,3.0,4.0,4.0,3.0,3.0,3.0,4.0,3.0,3.0,3.0,4.0,3.0,3.0,3.0,4.0,3.0,3.0,4.0,4.0,3.0,3.0,4.0,4.0,3.0,3.0,4.0,4.0,3.0,3.0,4.0,4.0,3.0,3.0,4.0,4.0,3.0,3.0,4.0,4.0,3.0,3.0,4.0
169,South Ossetia,Eurasia,t,0.0,0.0,0.0,1.0,0.0,0.0,0.0,1.0,0.0,0.0,0.0,1.0,0.0,0.0,0.0,1.0,0.0,0.0,0.0,1.0,0.0,0.0,0.0,1.0,0.0,0.0,0.0,1.0,0.0,0.0,0.0,1.0,0.0,0.0,0.0,1.0,0.0,0.0,0.0,1.0,1.0,0.0,0.0,1.0,1.0,0.0,0.0,1.0
170,South Sudan,Africa,c,1.0,2.0,1.0,2.0,1.0,1.0,1.0,1.0,1.0,0.0,0.0,1.0,1.0,0.0,0.0,1.0,0.0,0.0,0.0,1.0,0.0,0.0,0.0,0.0,0.0,0.0,0.0,0.0,0.0,0.0,0.0,0.0,0.0,0.0,0.0,0.0,0.0,0.0,0.0,0.0,0.0,0.0,0.0,0.0,0.0,0.0,0.0,0.0
171,Spain,Europe,c,4.0,4.0,4.0,4.0,4.0,4.0,3.0,4.0,4.0,4.0,3.0,4.0,4.0,4.0,3.0,4.0,4.0,4.0,3.0,4.0,4.0,4.0,3.0,4.0,4.0,4.0,3.0,3.0,4.0,4.0,3.0,3.0,4.0,4.0,3.0,3.0,4.0,4.0,3.0,3.0,4.0,4.0,3.0,3.0,4.0,4.0,3.0,3.0
172,Sri Lanka,Asia,c,2.0,1.0,1.0,3.0,2.0,1.0,1.0,3.0,2.0,1.0,1.0,2.0,3.0,2.0,2.0,3.0,3.0,2.0,2.0,3.0,3.0,2.0,2.0,2.0,3.0,2.0,2.0,2.0,3.0,2.0,2.0,2.0,3.0,2.0,2.0,2.0,3.0,2.0,2.0,2.0,3.0,2.0,2.0,2.0,3.0,2.0,3.0,2.0
173,St. Kitts and Nevis,Americas,c,4.0,4.0,3.0,4.0,4.0,4.0,3.0,4.0,4.0,4.0,3.0,4.0,4.0,4.0,3.0,4.0,4.0,4.0,3.0,4.0,4.0,4.0,3.0,4.0,4.0,4.0,3.0,4.0,4.0,4.0,3.0,4.0,4.0,3.0,4.0,4.0,4.0,3.0,4.0,4.0,4.0,3.0,4.0,4.0,4.0,3.0,4.0,4.0
174,St. Lucia,Americas,c,4.0,4.0,4.0,4.0,4.0,4.0,3.0,4.0,4.0,4.0,3.0,4.0,4.0,4.0,3.0,4.0,4.0,4.0,3.0,4.0,4.0,4.0,3.0,4.0,4.0,4.0,3.0,4.0,4.0,4.0,3.0,4.0,4.0,4.0,3.0,4.0,4.0,4.0,3.0,4.0,4.0,4.0,3.0,4.0,4.0,4.0,3.0,4.0
175,St. Vincent and the Grenadines,Americas,c,4.0,4.0,3.0,4.0,4.0,4.0,3.0,4.0,4.0,4.0,3.0,4.0,4.0,4.0,3.0,4.0,4.0,4.0,3.0,4.0,4.0,3.0,3.0,4.0,4.0,3.0,3.0,4.0,4.0,3.0,3.0,4.0,4.0,3.0,3.0,4.0,4.0,3.0,3.0,4.0,4.0,3.0,3.0,4.0,4.0,3.0,3.0,4.0
176,Sudan,Africa,c,1.0,1.0,0.0,1.0,1.0,1.0,0.0,1.0,1.0,1.0,0.0,1.0,1.0,1.0,0.0,1.0,1.0,1.0,0.0,1.0,1.0,1.0,0.0,1.0,1.0,1.0,0.0,1.0,0.0,1.0,1.0,2.0,0.0,1.0,1.0,2.0,0.0,1.0,1.0,1.0,0.0,1.0,1.0,1.0,0.0,0.0,1.0,1.0
177,Suriname,Americas,c,4.0,2.0,3.0,4.0,4.0,2.0,3.0,4.0,4.0,2.0,3.0,4.0,4.0,3.0,3.0,4.0,4.0,3.0,3.0,4.0,4.0,3.0,3.0,4.0,4.0,3.0,3.0,3.0,4.0,3.0,3.0,3.0,4.0,3.0,3.0,4.0,4.0,3.0,3.0,4.0,4.0,3.0,3.0,4.0,4.0,3.0,3.0,4.0
178,Sweden,Europe,c,4.0,4.0,4.0,4.0,4.0,4.0,4.0,4.0,4.0,4.0,4.0,4.0,4.0,4.0,4.0,4.0,4.0,4.0,4.0,4.0,4.0,4.0,4.0,4.0,4.0,4.0,4.0,4.0,4.0,4.0,4.0,4.0,4.0,4.0,4.0,4.0,4.0,4.0,4.0,4.0,4.0,4.0,4.0,4.0,4.0,4.0,4.0,4.0
179,Switzerland,Europe,c,4.0,3.0,4.0,4.0,4.0,3.0,4.0,4.0,4.0,3.0,4.0,4.0,4.0,3.0,4.0,4.0,4.0,3.0,4.0,4.0,4.0,3.0,4.0,4.0,4.0,3.0,4.0,4.0,4.0,3.0,4.0,4.0,4.0,3.0,4.0,4.0,4.0,3.0,4.0,4.0,4.0,3.0,4.0,4.0,4.0,3.0,4.0,4.0
180,Syria,Middle East,c,0.0,0.0,0.0,0.0,0.0,0.0,0.0,0.0,0.0,0.0,0.0,1.0,0.0,0.0,0.0,1.0,0.0,0.0,0.0,1.0,0.0,0.0,0.0,1.0,0.0,0.0,0.0,1.0,0.0,0.0,0.0,1.0,0.0,0.0,0.0,1.0,0.0,0.0,0.0,1.0,0.0,0.0,0.0,1.0,0.0,0.0,0.0,1.0
181,Taiwan,Asia,c,4.0,4.0,3.0,4.0,4.0,4.0,3.0,4.0,4.0,4.0,3.0,4.0,4.0,4.0,3.0,4.0,4.0,4.0,4.0,4.0,4.0,4.0,4.0,4.0,4.0,4.0,4.0,4.0,4.0,4.0,4.0,4.0,4.0,4.0,4.0,4.0,4.0,4.0,4.0,4.0,4.0,4.0,4.0,4.0,4.0,4.0,4.0,4.0
182,Tajikistan,Eurasia,c,0.0,1.0,1.0,2.0,0.0,1.0,1.0,2.0,0.0,1.0,1.0,2.0,0.0,0.0,1.0,2.0,0.0,0.0,0.0,1.0,0.0,0.0,0.0,1.0,0.0,0.0,0.0,1.0,0.0,0.0,0.0,1.0,0.0,0.0,0.0,1.0,0.0,0.0,0.0,1.0,0.0,0.0,0.0,1.0,0.0,0.0,0.0,0.0
183,United Republic of Tanzania,Africa,c,3.0,3.0,2.0,3.0,3.0,3.0,2.0,2.0,3.0,3.0,2.0,2.0,3.0,3.0,2.0,2.0,3.0,3.0,2.0,2.0,3.0,2.0,1.0,1.0,3.0,2.0,1.0,1.0,3.0,2.0,1.0,1.0,1.0,2.0,1.0,1.0,1.0,2.0,1.0,1.0,1.0,2.0,1.0,1.0,1.0,2.0,1.0,1.0
184,Thailand,Asia,c,3.0,1.0,1.0,3.0,3.0,1.0,1.0,3.0,0.0,1.0,1.0,1.0,0.0,1.0,1.0,1.0,0.0,1.0,1.0,1.0,0.0,1.0,1.0,1.0,0.0,1.0,1.0,1.0,0.0,1.0,1.0,1.0,0.0,1.0,1.0,1.0,0.0,1.0,1.0,1.0,0.0,1.0,1.0,1.0,1.0,2.0,1.0,1.0
185,Gambia,Africa,c,0.0,2.0,0.0,1.0,0.0,2.0,0.0,0.0,0.0,2.0,0.0,0.0,0.0,2.0,0.0,0.0,1.0,2.0,0.0,0.0,2.0,2.0,2.0,2.0,2.0,2.0,2.0,2.0,2.0,2.0,2.0,2.0,2.0,2.0,2.0,2.0,3.0,2.0,2.0,2.0,3.0,2.0,2.0,2.0,3.0,2.0,2.0,2.0
186,Tibet,Asia,t,0.0,0.0,0.0,0.0,0.0,0.0,0.0,0.0,0.0,0.0,0.0,0.0,0.0,0.0,0.0,0.0,0.0,0.0,0.0,0.0,0.0,0.0,0.0,0.0,0.0,0.0,0.0,0.0,0.0,0.0,0.0,0.0,0.0,0.0,0.0,0.0,0.0,0.0,0.0,0.0,0.0,0.0,0.0,0.0,0.0,0.0,0.0,0.0
187,East Timor,Asia,c,4.0,3.0,2.0,3.0,4.0,3.0,2.0,3.0,4.0,3.0,2.0,3.0,4.0,3.0,2.0,3.0,4.0,3.0,2.0,3.0,4.0,3.0,3.0,3.0,4.0,3.0,3.0,4.0,4.0,3.0,3.0,4.0,4.0,3.0,3.0,4.0,4.0,3.0,3.0,4.0,4.0,3.0,3.0,4.0,4.0,3.0,3.0,4.0
188,Togo,Africa,c,1.0,2.0,1.0,2.0,1.0,2.0,2.0,2.0,1.0,2.0,2.0,2.0,2.0,2.0,2.0,2.0,2.0,2.0,2.0,2.0,2.0,2.0,2.0,2.0,2.0,2.0,2.0,2.0,2.0,2.0,2.0,2.0,1.0,2.0,2.0,2.0,1.0,2.0,2.0,2.0,1.0,2.0,2.0,2.0,1.0,2.0,2.0,2.0
189,Tonga,Asia,c,4.0,3.0,3.0,3.0,4.0,3.0,3.0,3.0,4.0,3.0,3.0,3.0,4.0,3.0,3.0,3.0,3.0,3.0,2.0,3.0,3.0,3.0,2.0,3.0,3.0,3.0,2.0,4.0,3.0,3.0,2.0,4.0,3.0,3.0,2.0,4.0,3.0,3.0,2.0,4.0,3.0,3.0,2.0,4.0,3.0,3.0,2.0,4.0
190,Transnistria,Eurasia,t,1.0,1.0,1.0,2.0,1.0,1.0,0.0,2.0,1.0,1.0,0.0,2.0,1.0,1.0,0.0,2.0,1.0,1.0,0.0,2.0,1.0,1.0,0.0,2.0,1.0,1.0,0.0,2.0,1.0,1.0,0.0,2.0,1.0,1.0,0.0,1.0,0.0,1.0,0.0,1.0,0.0,1.0,0.0,1.0,0.0,1.0,0.0,1.0
191,Trinidad and Tobago,Americas,c,4.0,3.0,4.0,4.0,4.0,3.0,4.0,4.0,4.0,3.0,4.0,4.0,4.0,3.0,4.0,4.0,4.0,3.0,4.0,4.0,4.0,3.0,4.0,4.0,4.0,3.0,4.0,4.0,4.0,3.0,4.0,4.0,4.0,3.0,4.0,4.0,4.0,3.0,4.0,4.0,4.0,3.0,4.0,4.0,4.0,3.0,4.0,4.0
192,Tunisia,Africa,c,3.0,3.0,2.0,4.0,3.0,3.0,2.0,4.0,4.0,4.0,3.0,4.0,4.0,4.0,3.0,4.0,4.0,4.0,3.0,4.0,4.0,3.0,2.0,4.0,4.0,3.0,2.0,4.0,4.0,3.0,2.0,4.0,4.0,3.0,2.0,4.0,3.0,3.0,2.0,4.0,3.0,2.0,2.0,3.0,3.0,2.0,2.0,3.0
193,Turkey,Europe,c,4.0,2.0,1.0,3.0,4.0,2.0,1.0,3.0,3.0,2.0,1.0,3.0,3.0,2.0,1.0,3.0,3.0,1.0,1.0,2.0,2.0,1.0,1.0,1.0,2.0,1.0,1.0,1.0,2.0,1.0,1.0,1.0,2.0,1.0,1.0,1.0,2.0,1.0,1.0,1.0,2.0,1.0,1.0,1.0,2.0,1.0,1.0,1.0
194,Turkmenistan,Eurasia,c,0.0,0.0,0.0,1.0,0.0,0.0,0.0,1.0,0.0,0.0,0.0,1.0,0.0,0.0,0.0,1.0,0.0,0.0,0.0,1.0,0.0,0.0,0.0,1.0,0.0,0.0,0.0,0.0,0.0,0.0,0.0,0.0,0.0,0.0,0.0,0.0,0.0,0.0,0.0,0.0,0.0,0.0,0.0,0.0,0.0,0.0,0.0,0.0
195,Tuvalu,Asia,c,4.0,3.0,4.0,4.0,4.0,3.0,4.0,4.0,4.0,3.0,4.0,4.0,4.0,3.0,4.0,4.0,4.0,3.0,4.0,4.0,4.0,3.0,4.0,4.0,4.0,3.0,4.0,4.0,4.0,3.0,4.0,4.0,4.0,3.0,4.0,4.0,4.0,3.0,4.0,4.0,4.0,3.0,4.0,4.0,4.0,3.0,4.0,4.0
196,Uganda,Africa,c,1.0,2.0,2.0,3.0,1.0,2.0,1.0,3.0,1.0,2.0,1.0,2.0,1.0,2.0,1.0,2.0,1.0,2.0,1.0,2.0,1.0,2.0,2.0,3.0,1.0,2.0,2.0,2.0,1.0,2.0,1.0,2.0,1.0,2.0,1.0,2.0,1.0,2.0,1.0,2.0,1.0,2.0,2.0,2.0,1.0,1.0,2.0,2.0
197,Ukraine,Eurasia,c,4.0,3.0,2.0,3.0,4.0,3.0,1.0,3.0,4.0,3.0,2.0,3.0,4.0,3.0,2.0,3.0,4.0,3.0,2.0,3.0,4.0,3.0,2.0,3.0,4.0,3.0,2.0,3.0,4.0,3.0,2.0,3.0,4.0,3.0,2.0,3.0,4.0,3.0,2.0,3.0,4.0,3.0,2.0,2.0,4.0,3.0,2.0,2.0
198,United Arab Emirates,Middle East,c,0.0,1.0,1.0,1.0,0.0,1.0,1.0,1.0,0.0,1.0,1.0,1.0,0.0,1.0,1.0,1.0,0.0,1.0,1.0,1.0,0.0,1.0,0.0,1.0,0.0,1.0,0.0,1.0,0.0,1.0,0.0,1.0,0.0,1.0,0.0,1.0,0.0,1.0,0.0,1.0,0.0,1.0,0.0,1.0,0.0,1.0,0.0,1.0
199,United Kingdom,Europe,c,4.0,4.0,3.0,4.0,4.0,4.0,3.0,4.0,4.0,4.0,3.0,4.0,4.0,4.0,3.0,3.0,4.0,4.0,4.0,3.0,4.0,4.0,4.0,3.0,4.0,4.0,4.0,3.0,4.0,4.0,4.0,3.0,4.0,4.0,4.0,3.0,4.0,4.0,4.0,3.0,4.0,4.0,4.0,3.0,4.0,4.0,4.0,3.0
200,United States of America,Americas,c,4.0,4.0,4.0,4.0,4.0,4.0,4.0,3.0,4.0,4.0,4.0,3.0,4.0,4.0,4.0,3.0,4.0,3.0,4.0,4.0,3.0,3.0,4.0,4.0,3.0,3.0,4.0,4.0,3.0,3.0,4.0,4.0,3.0,3.0,3.0,4.0,3.0,3.0,3.0,4.0,3.0,3.0,3.0,4.0,3.0,3.0,3.0,4.0
201,Uruguay,Americas,c,4.0,4.0,4.0,4.0,4.0,4.0,4.0,4.0,4.0,4.0,4.0,4.0,4.0,4.0,4.0,4.0,4.0,4.0,4.0,4.0,4.0,4.0,4.0,4.0,4.0,4.0,4.0,4.0,4.0,4.0,4.0,4.0,4.0,4.0,4.0,4.0,4.0,4.0,4.0,4.0,4.0,4.0,3.0,4.0,4.0,4.0,3.0,4.0
202,Uzbekistan,Eurasia,c,0.0,0.0,0.0,0.0,0.0,0.0,0.0,0.0,0.0,0.0,0.0,0.0,0.0,0.0,0.0,0.0,0.0,0.0,0.0,0.0,0.0,0.0,0.0,1.0,0.0,0.0,0.0,1.0,0.0,0.0,0.0,1.0,0.0,0.0,1.0,1.0,0.0,0.0,1.0,1.0,0.0,0.0,1.0,1.0,0.0,0.0,1.0,1.0
203,Vanuatu,Asia,c,3.0,3.0,3.0,4.0,3.0,3.0,3.0,4.0,3.0,3.0,3.0,4.0,3.0,3.0,3.0,4.0,3.0,3.0,3.0,4.0,3.0,3.0,3.0,4.0,3.0,3.0,3.0,4.0,3.0,3.0,2.0,4.0,3.0,3.0,2.0,4.0,3.0,3.0,2.0,4.0,3.0,3.0,2.0,4.0,3.0,3.0,3.0,4.0
204,Venezuela,Americas,c,2.0,3.0,1.0,3.0,2.0,3.0,1.0,2.0,2.0,3.0,1.0,2.0,2.0,3.0,1.0,2.0,2.0,3.0,1.0,2.0,2.0,3.0,1.0,2.0,0.0,2.0,1.0,1.0,0.0,2.0,1.0,1.0,0.0,1.0,1.0,1.0,0.0,1.0,1.0,1.0,0.0,1.0,1.0,1.0,0.0,1.0,1.0,1.0
205,Vietnam,Asia,c,0.0,1.0,1.0,1.0,0.0,1.0,1.0,1.0,0.0,1.0,1.0,1.0,0.0,1.0,1.0,1.0,0.0,1.0,1.0,1.0,0.0,1.0,1.0,1.0,0.0,1.0,1.0,1.0,0.0,1.0,1.0,1.0,0.0,1.0,0.0,1.0,0.0,1.0,0.0,1.0,0.0,1.0,0.0,1.0,0.0,1.0,0.0,1.0
206,West Bank,Middle East,t,0.0,2.0,1.0,3.0,0.0,2.0,1.0,3.0,0.0,2.0,1.0,3.0,0.0,2.0,1.0,3.0,0.0,2.0,1.0,3.0,0.0,2.0,1.0,3.0,0.0,2.0,1.0,2.0,0.0,2.0,1.0,2.0,0.0,2.0,1.0,2.0,0.0,2.0,1.0,1.0,0.0,2.0,1.0,1.0,0.0,2.0,1.0,1.0
207,Western Sahara,Africa,t,0.0,0.0,0.0,1.0,0.0,0.0,0.0,1.0,0.0,0.0,0.0,1.0,0.0,0.0,0.0,1.0,0.0,0.0,0.0,1.0,0.0,0.0,0.0,1.0,0.0,0.0,0.0,1.0,0.0,0.0,0.0,1.0,0.0,0.0,0.0,1.0,0.0,0.0,0.0,1.0,0.0,0.0,0.0,1.0,0.0,0.0,0.0,1.0
208,Yemen,Middle East,c,1.0,1.0,1.0,1.0,1.0,1.0,1.0,1.0,1.0,1.0,1.0,1.0,0.0,0.0,1.0,1.0,0.0,0.0,1.0,1.0,0.0,0.0,1.0,1.0,0.0,0.0,0.0,1.0,0.0,0.0,0.0,1.0,0.0,0.0,0.0,1.0,0.0,0.0,0.0,1.0,0.0,0.0,0.0,1.0,0.0,0.0,0.0,1.0
209,Zambia,Africa,c,3.0,3.0,2.0,3.0,3.0,3.0,2.0,3.0,3.0,3.0,2.0,3.0,3.0,3.0,2.0,3.0,2.0,3.0,1.0,3.0,2.0,3.0,1.0,3.0,2.0,3.0,1.0,2.0,2.0,3.0,1.0,2.0,2.0,3.0,1.0,2.0,2.0,3.0,1.0,2.0,2.0,3.0,1.0,2.0,2.0,3.0,1.0,2.0
210,Zimbabwe,Africa,c,1.0,1.0,1.0,2.0,1.0,1.0,1.0,2.0,1.0,1.0,1.0,2.0,1.0,1.0,1.0,2.0,1.0,1.0,1.0,2.0,0.0,1.0,1.0,2.0,1.0,1.0,1.0,2.0,1.0,1.0,1.0,1.0,1.0,1.0,1.0,1.0,1.0,1.0,1.0,1.0,1.0,1.0,1.0,1.0,1.0,1.0,1.0,1.0
211,Greenland,Europe,c,4.0,4.0,4.0,4.0,4.0,4.0,4.0,4.0,4.0,4.0,4.0,4.0,4.0,4.0,4.0,4.0,4.0,4.0,4.0,4.0,4.0,4.0,4.0,4.0,4.0,4.0,4.0,4.0,4.0,4.0,4.0,4.0,4.0,4.0,4.0,4.0,4.0,4.0,4.0,4.0,4.0,4.0,4.0,4.0,4.0,4.0,4.0,4.0
212,Puerto Rico,Americas,c,4.0,4.0,4.0,4.0,4.0,4.0,4.0,3.0,4.0,4.0,4.0,3.0,4.0,4.0,4.0,3.0,4.0,3.0,4.0,4.0,3.0,3.0,4.0,4.0,3.0,3.0,4.0,4.0,3.0,3.0,4.0,4.0,3.0,3.0,3.0,4.0,3.0,3.0,3.0,4.0,3.0,3.0,3.0,4.0,3.0,3.0,3.0,4.0
213,Baykonur Cosmodrome,Eurasia,c,1.0,1.0,0.0,2.0,1.0,1.0,0.0,1.0,1.0,1.0,0.0,1.0,1.0,1.0,0.0,1.0,0.0,1.0,0.0,1.0,0.0,1.0,0.0,1.0,0.0,1.0,0.0,1.0,0.0,1.0,0.0,1.0,0.0,1.0,0.0,1.0,0.0,1.0,0.0,1.0,0.0,1.0,0.0,1.0,0.0,1.0,0.0,1.0
